﻿S.No,data,type,sensedAt,id_sensor
1,200,co2-concentration,2025-06-17T05:02:49,66ce60b3fb392de5096acc24
2,29,temp,2025-06-17T05:02:49,66ce60b3fb392de5096acc24
3,50,humidity,2025-06-17T05:02:49,66ce60b3fb392de5096acc24
4,200,co2-concentration,2025-06-17T05:05:53,66ce60b3fb392de5096acc24
5,29,temp,2025-06-17T05:05:53,66ce60b3fb392de5096acc24
6,50,humidity,2025-06-17T05:05:53,66ce60b3fb392de5096acc24
7,200,co2-concentration,2025-06-17T05:08:55,66ce60b3fb392de5096acc24
8,29,temp,2025-06-17T05:08:55,66ce60b3fb392de5096acc24
9,50,humidity,2025-06-17T05:08:55,66ce60b3fb392de5096acc24
10,200,co2-concentration,2025-06-17T05:11:58,66ce60b3fb392de5096acc24
11,29,temp,2025-06-17T05:11:58,66ce60b3fb392de5096acc24
12,50,humidity,2025-06-17T05:11:58,66ce60b3fb392de5096acc24
13,200,co2-concentration,2025-06-17T05:15:00,66ce60b3fb392de5096acc24
14,29,temp,2025-06-17T05:15:00,66ce60b3fb392de5096acc24
15,50,humidity,2025-06-17T05:15:00,66ce60b3fb392de5096acc24
16,200,co2-concentration,2025-06-17T05:18:03,66ce60b3fb392de5096acc24
17,29,temp,2025-06-17T05:18:03,66ce60b3fb392de5096acc24
18,50,humidity,2025-06-17T05:18:03,66ce60b3fb392de5096acc24
19,200,co2-concentration,2025-06-17T05:21:05,66ce60b3fb392de5096acc24
20,29,temp,2025-06-17T05:21:05,66ce60b3fb392de5096acc24
21,50,humidity,2025-06-17T05:21:05,66ce60b3fb392de5096acc24
22,200,co2-concentration,2025-06-17T05:24:09,66ce60b3fb392de5096acc24
23,29,temp,2025-06-17T05:24:09,66ce60b3fb392de5096acc24
24,50,humidity,2025-06-17T05:24:09,66ce60b3fb392de5096acc24
25,200,co2-concentration,2025-06-17T05:27:12,66ce60b3fb392de5096acc24
26,29,temp,2025-06-17T05:27:12,66ce60b3fb392de5096acc24
27,50,humidity,2025-06-17T05:27:12,66ce60b3fb392de5096acc24
28,200,co2-concentration,2025-06-17T05:30:14,66ce60b3fb392de5096acc24
29,29,temp,2025-06-17T05:30:14,66ce60b3fb392de5096acc24
30,50,humidity,2025-06-17T05:30:14,66ce60b3fb392de5096acc24
31,200,co2-concentration,2025-06-17T05:36:26,66ce60b3fb392de5096acc24
32,29,temp,2025-06-17T05:36:26,66ce60b3fb392de5096acc24
33,50,humidity,2025-06-17T05:36:26,66ce60b3fb392de5096acc24
34,200,co2-concentration,2025-06-17T05:39:28,66ce60b3fb392de5096acc24
35,29,temp,2025-06-17T05:39:28,66ce60b3fb392de5096acc24
36,50,humidity,2025-06-17T05:39:28,66ce60b3fb392de5096acc24
37,200,co2-concentration,2025-06-17T05:42:31,66ce60b3fb392de5096acc24
38,29,temp,2025-06-17T05:42:31,66ce60b3fb392de5096acc24
39,50,humidity,2025-06-17T05:42:31,66ce60b3fb392de5096acc24
40,200,co2-concentration,2025-06-17T05:45:34,66ce60b3fb392de5096acc24
41,29,temp,2025-06-17T05:45:34,66ce60b3fb392de5096acc24
42,50,humidity,2025-06-17T05:45:34,66ce60b3fb392de5096acc24
43,200,co2-concentration,2025-06-17T05:48:36,66ce60b3fb392de5096acc24
44,29,temp,2025-06-17T05:48:36,66ce60b3fb392de5096acc24
45,50,humidity,2025-06-17T05:48:36,66ce60b3fb392de5096acc24
46,200,co2-concentration,2025-06-17T05:51:39,66ce60b3fb392de5096acc24
47,29,temp,2025-06-17T05:51:39,66ce60b3fb392de5096acc24
48,50,humidity,2025-06-17T05:51:39,66ce60b3fb392de5096acc24
49,200,co2-concentration,2025-06-17T05:54:41,66ce60b3fb392de5096acc24
50,29,temp,2025-06-17T05:54:41,66ce60b3fb392de5096acc24
51,50,humidity,2025-06-17T05:54:41,66ce60b3fb392de5096acc24
52,200,co2-concentration,2025-06-17T05:57:44,66ce60b3fb392de5096acc24
53,29,temp,2025-06-17T05:57:44,66ce60b3fb392de5096acc24
54,50,humidity,2025-06-17T05:57:44,66ce60b3fb392de5096acc24
55,200,co2-concentration,2025-06-17T06:00:48,66ce60b3fb392de5096acc24
56,29,temp,2025-06-17T06:00:48,66ce60b3fb392de5096acc24
57,50,humidity,2025-06-17T06:00:48,66ce60b3fb392de5096acc24
58,200,co2-concentration,2025-06-17T06:03:51,66ce60b3fb392de5096acc24
59,29,temp,2025-06-17T06:03:51,66ce60b3fb392de5096acc24
60,50,humidity,2025-06-17T06:03:51,66ce60b3fb392de5096acc24
61,200,co2-concentration,2025-06-17T06:06:54,66ce60b3fb392de5096acc24
62,29,temp,2025-06-17T06:06:54,66ce60b3fb392de5096acc24
63,50,humidity,2025-06-17T06:06:54,66ce60b3fb392de5096acc24
64,200,co2-concentration,2025-06-17T06:10:05,66ce60b3fb392de5096acc24
65,29,temp,2025-06-17T06:10:05,66ce60b3fb392de5096acc24
66,50,humidity,2025-06-17T06:10:05,66ce60b3fb392de5096acc24
67,200,co2-concentration,2025-06-17T06:13:07,66ce60b3fb392de5096acc24
68,29,temp,2025-06-17T06:13:07,66ce60b3fb392de5096acc24
69,50,humidity,2025-06-17T06:13:07,66ce60b3fb392de5096acc24
70,200,co2-concentration,2025-06-17T06:16:10,66ce60b3fb392de5096acc24
71,29,temp,2025-06-17T06:16:10,66ce60b3fb392de5096acc24
72,50,humidity,2025-06-17T06:16:10,66ce60b3fb392de5096acc24
73,200,co2-concentration,2025-06-17T06:19:12,66ce60b3fb392de5096acc24
74,29,temp,2025-06-17T06:19:12,66ce60b3fb392de5096acc24
75,50,humidity,2025-06-17T06:19:12,66ce60b3fb392de5096acc24
76,200,co2-concentration,2025-06-17T06:22:15,66ce60b3fb392de5096acc24
77,29,temp,2025-06-17T06:22:15,66ce60b3fb392de5096acc24
78,50,humidity,2025-06-17T06:22:15,66ce60b3fb392de5096acc24
79,200,co2-concentration,2025-06-17T06:25:17,66ce60b3fb392de5096acc24
80,29,temp,2025-06-17T06:25:17,66ce60b3fb392de5096acc24
81,50,humidity,2025-06-17T06:25:17,66ce60b3fb392de5096acc24
82,200,co2-concentration,2025-06-17T06:28:20,66ce60b3fb392de5096acc24
83,29,temp,2025-06-17T06:28:20,66ce60b3fb392de5096acc24
84,50,humidity,2025-06-17T06:28:20,66ce60b3fb392de5096acc24
85,200,co2-concentration,2025-06-17T06:31:23,66ce60b3fb392de5096acc24
86,29,temp,2025-06-17T06:31:23,66ce60b3fb392de5096acc24
87,50,humidity,2025-06-17T06:31:23,66ce60b3fb392de5096acc24
88,200,co2-concentration,2025-06-17T06:34:25,66ce60b3fb392de5096acc24
89,29,temp,2025-06-17T06:34:25,66ce60b3fb392de5096acc24
90,50,humidity,2025-06-17T06:34:25,66ce60b3fb392de5096acc24
91,200,co2-concentration,2025-06-17T06:37:28,66ce60b3fb392de5096acc24
92,29,temp,2025-06-17T06:37:28,66ce60b3fb392de5096acc24
93,50,humidity,2025-06-17T06:37:28,66ce60b3fb392de5096acc24
94,200,co2-concentration,2025-06-17T06:43:39,66ce60b3fb392de5096acc24
95,29,temp,2025-06-17T06:43:39,66ce60b3fb392de5096acc24
96,50,humidity,2025-06-17T06:43:39,66ce60b3fb392de5096acc24
97,200,co2-concentration,2025-06-17T06:46:42,66ce60b3fb392de5096acc24
98,29,temp,2025-06-17T06:46:42,66ce60b3fb392de5096acc24
99,50,humidity,2025-06-17T06:46:42,66ce60b3fb392de5096acc24
100,200,co2-concentration,2025-06-17T06:49:45,66ce60b3fb392de5096acc24
101,29,temp,2025-06-17T06:49:45,66ce60b3fb392de5096acc24
102,50,humidity,2025-06-17T06:49:45,66ce60b3fb392de5096acc24
103,200,co2-concentration,2025-06-17T06:52:49,66ce60b3fb392de5096acc24
104,29,temp,2025-06-17T06:52:49,66ce60b3fb392de5096acc24
105,50,humidity,2025-06-17T06:52:49,66ce60b3fb392de5096acc24
106,200,co2-concentration,2025-06-17T06:55:52,66ce60b3fb392de5096acc24
107,29,temp,2025-06-17T06:55:52,66ce60b3fb392de5096acc24
108,50,humidity,2025-06-17T06:55:52,66ce60b3fb392de5096acc24
109,200,co2-concentration,2025-06-17T06:58:54,66ce60b3fb392de5096acc24
110,29,temp,2025-06-17T06:58:54,66ce60b3fb392de5096acc24
111,50,humidity,2025-06-17T06:58:54,66ce60b3fb392de5096acc24
112,200,co2-concentration,2025-06-17T07:01:57,66ce60b3fb392de5096acc24
113,29,temp,2025-06-17T07:01:57,66ce60b3fb392de5096acc24
114,50,humidity,2025-06-17T07:01:57,66ce60b3fb392de5096acc24
115,200,co2-concentration,2025-06-17T07:04:59,66ce60b3fb392de5096acc24
116,29,temp,2025-06-17T07:04:59,66ce60b3fb392de5096acc24
117,50,humidity,2025-06-17T07:04:59,66ce60b3fb392de5096acc24
118,200,co2-concentration,2025-06-17T07:08:02,66ce60b3fb392de5096acc24
119,29,temp,2025-06-17T07:08:02,66ce60b3fb392de5096acc24
120,50,humidity,2025-06-17T07:08:02,66ce60b3fb392de5096acc24
121,200,co2-concentration,2025-06-17T07:11:05,66ce60b3fb392de5096acc24
122,29,temp,2025-06-17T07:11:05,66ce60b3fb392de5096acc24
123,50,humidity,2025-06-17T07:11:05,66ce60b3fb392de5096acc24
124,200,co2-concentration,2025-06-17T07:14:09,66ce60b3fb392de5096acc24
125,29,temp,2025-06-17T07:14:09,66ce60b3fb392de5096acc24
126,50,humidity,2025-06-17T07:14:09,66ce60b3fb392de5096acc24
127,200,co2-concentration,2025-06-17T07:17:13,66ce60b3fb392de5096acc24
128,29,temp,2025-06-17T07:17:13,66ce60b3fb392de5096acc24
129,50,humidity,2025-06-17T07:17:13,66ce60b3fb392de5096acc24
130,200,co2-concentration,2025-06-17T07:20:15,66ce60b3fb392de5096acc24
131,29,temp,2025-06-17T07:20:15,66ce60b3fb392de5096acc24
132,50,humidity,2025-06-17T07:20:15,66ce60b3fb392de5096acc24
133,200,co2-concentration,2025-06-17T07:23:18,66ce60b3fb392de5096acc24
134,29,temp,2025-06-17T07:23:18,66ce60b3fb392de5096acc24
135,50,humidity,2025-06-17T07:23:18,66ce60b3fb392de5096acc24
136,200,co2-concentration,2025-06-17T07:26:20,66ce60b3fb392de5096acc24
137,29,temp,2025-06-17T07:26:20,66ce60b3fb392de5096acc24
138,50,humidity,2025-06-17T07:26:20,66ce60b3fb392de5096acc24
139,200,co2-concentration,2025-06-17T07:29:23,66ce60b3fb392de5096acc24
140,29,temp,2025-06-17T07:29:23,66ce60b3fb392de5096acc24
141,50,humidity,2025-06-17T07:29:23,66ce60b3fb392de5096acc24
142,200,co2-concentration,2025-06-17T07:32:27,66ce60b3fb392de5096acc24
143,29,temp,2025-06-17T07:32:27,66ce60b3fb392de5096acc24
144,50,humidity,2025-06-17T07:32:27,66ce60b3fb392de5096acc24
145,200,co2-concentration,2025-06-17T07:35:32,66ce60b3fb392de5096acc24
146,29,temp,2025-06-17T07:35:32,66ce60b3fb392de5096acc24
147,50,humidity,2025-06-17T07:35:32,66ce60b3fb392de5096acc24
148,200,co2-concentration,2025-06-17T07:38:35,66ce60b3fb392de5096acc24
149,29,temp,2025-06-17T07:38:35,66ce60b3fb392de5096acc24
150,50,humidity,2025-06-17T07:38:35,66ce60b3fb392de5096acc24
151,200,co2-concentration,2025-06-17T07:41:37,66ce60b3fb392de5096acc24
152,29,temp,2025-06-17T07:41:37,66ce60b3fb392de5096acc24
153,50,humidity,2025-06-17T07:41:37,66ce60b3fb392de5096acc24
154,200,co2-concentration,2025-06-17T07:44:40,66ce60b3fb392de5096acc24
155,29,temp,2025-06-17T07:44:40,66ce60b3fb392de5096acc24
156,50,humidity,2025-06-17T07:44:40,66ce60b3fb392de5096acc24
157,200,co2-concentration,2025-06-17T07:47:42,66ce60b3fb392de5096acc24
158,29,temp,2025-06-17T07:47:42,66ce60b3fb392de5096acc24
159,50,humidity,2025-06-17T07:47:42,66ce60b3fb392de5096acc24
160,200,co2-concentration,2025-06-17T07:50:45,66ce60b3fb392de5096acc24
161,29,temp,2025-06-17T07:50:45,66ce60b3fb392de5096acc24
162,50,humidity,2025-06-17T07:50:45,66ce60b3fb392de5096acc24
163,200,co2-concentration,2025-06-17T07:53:48,66ce60b3fb392de5096acc24
164,29,temp,2025-06-17T07:53:48,66ce60b3fb392de5096acc24
165,50,humidity,2025-06-17T07:53:48,66ce60b3fb392de5096acc24
166,200,co2-concentration,2025-06-17T07:56:50,66ce60b3fb392de5096acc24
167,29,temp,2025-06-17T07:56:50,66ce60b3fb392de5096acc24
168,50,humidity,2025-06-17T07:56:50,66ce60b3fb392de5096acc24
169,200,co2-concentration,2025-06-17T07:59:53,66ce60b3fb392de5096acc24
170,29,temp,2025-06-17T07:59:53,66ce60b3fb392de5096acc24
171,50,humidity,2025-06-17T07:59:53,66ce60b3fb392de5096acc24
172,200,co2-concentration,2025-06-17T08:02:56,66ce60b3fb392de5096acc24
173,29,temp,2025-06-17T08:02:56,66ce60b3fb392de5096acc24
174,50,humidity,2025-06-17T08:02:56,66ce60b3fb392de5096acc24
175,200,co2-concentration,2025-06-17T08:05:58,66ce60b3fb392de5096acc24
176,29,temp,2025-06-17T08:05:58,66ce60b3fb392de5096acc24
177,50,humidity,2025-06-17T08:05:58,66ce60b3fb392de5096acc24
178,200,co2-concentration,2025-06-17T08:09:01,66ce60b3fb392de5096acc24
179,29,temp,2025-06-17T08:09:01,66ce60b3fb392de5096acc24
180,50,humidity,2025-06-17T08:09:01,66ce60b3fb392de5096acc24
181,200,co2-concentration,2025-06-17T08:12:03,66ce60b3fb392de5096acc24
182,29,temp,2025-06-17T08:12:03,66ce60b3fb392de5096acc24
183,50,humidity,2025-06-17T08:12:03,66ce60b3fb392de5096acc24
184,200,co2-concentration,2025-06-17T08:15:06,66ce60b3fb392de5096acc24
185,29,temp,2025-06-17T08:15:06,66ce60b3fb392de5096acc24
186,50,humidity,2025-06-17T08:15:06,66ce60b3fb392de5096acc24
187,200,co2-concentration,2025-06-17T08:18:08,66ce60b3fb392de5096acc24
188,29,temp,2025-06-17T08:18:08,66ce60b3fb392de5096acc24
189,50,humidity,2025-06-17T08:18:08,66ce60b3fb392de5096acc24
190,200,co2-concentration,2025-06-17T08:21:14,66ce60b3fb392de5096acc24
191,29,temp,2025-06-17T08:21:14,66ce60b3fb392de5096acc24
192,50,humidity,2025-06-17T08:21:14,66ce60b3fb392de5096acc24
193,200,co2-concentration,2025-06-17T08:24:16,66ce60b3fb392de5096acc24
194,29,temp,2025-06-17T08:24:16,66ce60b3fb392de5096acc24
195,50,humidity,2025-06-17T08:24:16,66ce60b3fb392de5096acc24
196,200,co2-concentration,2025-06-17T08:27:18,66ce60b3fb392de5096acc24
197,29,temp,2025-06-17T08:27:18,66ce60b3fb392de5096acc24
198,50,humidity,2025-06-17T08:27:18,66ce60b3fb392de5096acc24
199,200,co2-concentration,2025-06-17T08:30:21,66ce60b3fb392de5096acc24
200,29,temp,2025-06-17T08:30:21,66ce60b3fb392de5096acc24
201,50,humidity,2025-06-17T08:30:21,66ce60b3fb392de5096acc24
202,200,co2-concentration,2025-06-17T08:33:24,66ce60b3fb392de5096acc24
203,29,temp,2025-06-17T08:33:24,66ce60b3fb392de5096acc24
204,50,humidity,2025-06-17T08:33:24,66ce60b3fb392de5096acc24
205,200,co2-concentration,2025-06-17T08:36:26,66ce60b3fb392de5096acc24
206,29,temp,2025-06-17T08:36:26,66ce60b3fb392de5096acc24
207,50,humidity,2025-06-17T08:36:26,66ce60b3fb392de5096acc24
208,200,co2-concentration,2025-06-17T08:39:29,66ce60b3fb392de5096acc24
209,29,temp,2025-06-17T08:39:29,66ce60b3fb392de5096acc24
210,50,humidity,2025-06-17T08:39:29,66ce60b3fb392de5096acc24
211,200,co2-concentration,2025-06-17T08:42:31,66ce60b3fb392de5096acc24
212,29,temp,2025-06-17T08:42:31,66ce60b3fb392de5096acc24
213,51,humidity,2025-06-17T08:42:31,66ce60b3fb392de5096acc24
214,200,co2-concentration,2025-06-17T08:45:34,66ce60b3fb392de5096acc24
215,29,temp,2025-06-17T08:45:34,66ce60b3fb392de5096acc24
216,51,humidity,2025-06-17T08:45:34,66ce60b3fb392de5096acc24
217,200,co2-concentration,2025-06-17T08:48:36,66ce60b3fb392de5096acc24
218,29,temp,2025-06-17T08:48:36,66ce60b3fb392de5096acc24
219,51,humidity,2025-06-17T08:48:36,66ce60b3fb392de5096acc24
220,200,co2-concentration,2025-06-17T08:51:39,66ce60b3fb392de5096acc24
221,29,temp,2025-06-17T08:51:39,66ce60b3fb392de5096acc24
222,50,humidity,2025-06-17T08:51:39,66ce60b3fb392de5096acc24
223,200,co2-concentration,2025-06-17T08:54:42,66ce60b3fb392de5096acc24
224,29,temp,2025-06-17T08:54:42,66ce60b3fb392de5096acc24
225,51,humidity,2025-06-17T08:54:42,66ce60b3fb392de5096acc24
226,200,co2-concentration,2025-06-17T08:57:53,66ce60b3fb392de5096acc24
227,29,temp,2025-06-17T08:57:53,66ce60b3fb392de5096acc24
228,51,humidity,2025-06-17T08:57:53,66ce60b3fb392de5096acc24
229,200,co2-concentration,2025-06-17T09:00:57,66ce60b3fb392de5096acc24
230,29,temp,2025-06-17T09:00:57,66ce60b3fb392de5096acc24
231,51,humidity,2025-06-17T09:00:57,66ce60b3fb392de5096acc24
232,200,co2-concentration,2025-06-17T09:04:00,66ce60b3fb392de5096acc24
233,29,temp,2025-06-17T09:04:00,66ce60b3fb392de5096acc24
234,51,humidity,2025-06-17T09:04:00,66ce60b3fb392de5096acc24
235,200,co2-concentration,2025-06-17T09:07:02,66ce60b3fb392de5096acc24
236,29,temp,2025-06-17T09:07:02,66ce60b3fb392de5096acc24
237,51,humidity,2025-06-17T09:07:02,66ce60b3fb392de5096acc24
238,200,co2-concentration,2025-06-17T09:10:05,66ce60b3fb392de5096acc24
239,29,temp,2025-06-17T09:10:05,66ce60b3fb392de5096acc24
240,51,humidity,2025-06-17T09:10:05,66ce60b3fb392de5096acc24
241,200,co2-concentration,2025-06-17T09:13:13,66ce60b3fb392de5096acc24
242,29,temp,2025-06-17T09:13:13,66ce60b3fb392de5096acc24
243,51,humidity,2025-06-17T09:13:13,66ce60b3fb392de5096acc24
244,200,co2-concentration,2025-06-17T09:16:16,66ce60b3fb392de5096acc24
245,29,temp,2025-06-17T09:16:16,66ce60b3fb392de5096acc24
246,51,humidity,2025-06-17T09:16:16,66ce60b3fb392de5096acc24
247,200,co2-concentration,2025-06-17T09:19:20,66ce60b3fb392de5096acc24
248,29,temp,2025-06-17T09:19:20,66ce60b3fb392de5096acc24
249,51,humidity,2025-06-17T09:19:20,66ce60b3fb392de5096acc24
250,200,co2-concentration,2025-06-17T09:22:25,66ce60b3fb392de5096acc24
251,29,temp,2025-06-17T09:22:25,66ce60b3fb392de5096acc24
252,51,humidity,2025-06-17T09:22:25,66ce60b3fb392de5096acc24
253,200,co2-concentration,2025-06-17T09:25:29,66ce60b3fb392de5096acc24
254,29,temp,2025-06-17T09:25:29,66ce60b3fb392de5096acc24
255,51,humidity,2025-06-17T09:25:29,66ce60b3fb392de5096acc24
256,200,co2-concentration,2025-06-17T09:28:32,66ce60b3fb392de5096acc24
257,29,temp,2025-06-17T09:28:32,66ce60b3fb392de5096acc24
258,51,humidity,2025-06-17T09:28:32,66ce60b3fb392de5096acc24
259,200,co2-concentration,2025-06-17T09:31:36,66ce60b3fb392de5096acc24
260,29,temp,2025-06-17T09:31:36,66ce60b3fb392de5096acc24
261,51,humidity,2025-06-17T09:31:36,66ce60b3fb392de5096acc24
262,200,co2-concentration,2025-06-17T09:34:39,66ce60b3fb392de5096acc24
263,29,temp,2025-06-17T09:34:39,66ce60b3fb392de5096acc24
264,51,humidity,2025-06-17T09:34:39,66ce60b3fb392de5096acc24
265,200,co2-concentration,2025-06-17T09:34:44,66ce60b3fb392de5096acc24
266,29,temp,2025-06-17T09:34:44,66ce60b3fb392de5096acc24
267,51,humidity,2025-06-17T09:34:44,66ce60b3fb392de5096acc24
268,200,co2-concentration,2025-06-17T09:37:47,66ce60b3fb392de5096acc24
269,29,temp,2025-06-17T09:37:47,66ce60b3fb392de5096acc24
270,51,humidity,2025-06-17T09:37:47,66ce60b3fb392de5096acc24
271,200,co2-concentration,2025-06-17T09:40:49,66ce60b3fb392de5096acc24
272,29,temp,2025-06-17T09:40:49,66ce60b3fb392de5096acc24
273,51,humidity,2025-06-17T09:40:49,66ce60b3fb392de5096acc24
274,200,co2-concentration,2025-06-17T09:43:52,66ce60b3fb392de5096acc24
275,29,temp,2025-06-17T09:43:52,66ce60b3fb392de5096acc24
276,51,humidity,2025-06-17T09:43:52,66ce60b3fb392de5096acc24
277,200,co2-concentration,2025-06-17T09:46:55,66ce60b3fb392de5096acc24
278,29,temp,2025-06-17T09:46:55,66ce60b3fb392de5096acc24
279,51,humidity,2025-06-17T09:46:55,66ce60b3fb392de5096acc24
280,200,co2-concentration,2025-06-17T09:49:57,66ce60b3fb392de5096acc24
281,29,temp,2025-06-17T09:49:57,66ce60b3fb392de5096acc24
282,51,humidity,2025-06-17T09:49:57,66ce60b3fb392de5096acc24
283,200,co2-concentration,2025-06-17T09:53:00,66ce60b3fb392de5096acc24
284,29,temp,2025-06-17T09:53:00,66ce60b3fb392de5096acc24
285,51,humidity,2025-06-17T09:53:00,66ce60b3fb392de5096acc24
286,200,co2-concentration,2025-06-17T09:56:03,66ce60b3fb392de5096acc24
287,29,temp,2025-06-17T09:56:03,66ce60b3fb392de5096acc24
288,51,humidity,2025-06-17T09:56:03,66ce60b3fb392de5096acc24
289,200,co2-concentration,2025-06-17T09:59:05,66ce60b3fb392de5096acc24
290,29,temp,2025-06-17T09:59:05,66ce60b3fb392de5096acc24
291,51,humidity,2025-06-17T09:59:05,66ce60b3fb392de5096acc24
292,200,co2-concentration,2025-06-17T10:02:17,66ce60b3fb392de5096acc24
293,29,temp,2025-06-17T10:02:17,66ce60b3fb392de5096acc24
294,51,humidity,2025-06-17T10:02:17,66ce60b3fb392de5096acc24
295,200,co2-concentration,2025-06-17T10:05:19,66ce60b3fb392de5096acc24
296,29,temp,2025-06-17T10:05:19,66ce60b3fb392de5096acc24
297,51,humidity,2025-06-17T10:05:19,66ce60b3fb392de5096acc24
298,200,co2-concentration,2025-06-17T10:08:22,66ce60b3fb392de5096acc24
299,29,temp,2025-06-17T10:08:22,66ce60b3fb392de5096acc24
300,51,humidity,2025-06-17T10:08:22,66ce60b3fb392de5096acc24
301,200,co2-concentration,2025-06-17T10:11:30,66ce60b3fb392de5096acc24
302,29,temp,2025-06-17T10:11:30,66ce60b3fb392de5096acc24
303,51,humidity,2025-06-17T10:11:30,66ce60b3fb392de5096acc24
304,200,co2-concentration,2025-06-17T10:14:33,66ce60b3fb392de5096acc24
305,29,temp,2025-06-17T10:14:33,66ce60b3fb392de5096acc24
306,51,humidity,2025-06-17T10:14:33,66ce60b3fb392de5096acc24
307,200,co2-concentration,2025-06-17T10:17:35,66ce60b3fb392de5096acc24
308,29,temp,2025-06-17T10:17:35,66ce60b3fb392de5096acc24
309,51,humidity,2025-06-17T10:17:35,66ce60b3fb392de5096acc24
310,200,co2-concentration,2025-06-17T10:20:38,66ce60b3fb392de5096acc24
311,29,temp,2025-06-17T10:20:38,66ce60b3fb392de5096acc24
312,51,humidity,2025-06-17T10:20:38,66ce60b3fb392de5096acc24
313,200,co2-concentration,2025-06-17T10:23:41,66ce60b3fb392de5096acc24
314,29,temp,2025-06-17T10:23:41,66ce60b3fb392de5096acc24
315,51,humidity,2025-06-17T10:23:41,66ce60b3fb392de5096acc24
316,200,co2-concentration,2025-06-17T10:26:43,66ce60b3fb392de5096acc24
317,29,temp,2025-06-17T10:26:43,66ce60b3fb392de5096acc24
318,51,humidity,2025-06-17T10:26:43,66ce60b3fb392de5096acc24
319,200,co2-concentration,2025-06-17T10:29:46,66ce60b3fb392de5096acc24
320,29,temp,2025-06-17T10:29:46,66ce60b3fb392de5096acc24
321,51,humidity,2025-06-17T10:29:46,66ce60b3fb392de5096acc24
322,200,co2-concentration,2025-06-17T10:32:49,66ce60b3fb392de5096acc24
323,29,temp,2025-06-17T10:32:49,66ce60b3fb392de5096acc24
324,51,humidity,2025-06-17T10:32:49,66ce60b3fb392de5096acc24
325,200,co2-concentration,2025-06-17T10:35:52,66ce60b3fb392de5096acc24
326,29,temp,2025-06-17T10:35:52,66ce60b3fb392de5096acc24
327,51,humidity,2025-06-17T10:35:52,66ce60b3fb392de5096acc24
328,200,co2-concentration,2025-06-17T10:38:54,66ce60b3fb392de5096acc24
329,29,temp,2025-06-17T10:38:54,66ce60b3fb392de5096acc24
330,51,humidity,2025-06-17T10:38:54,66ce60b3fb392de5096acc24
331,200,co2-concentration,2025-06-17T10:41:57,66ce60b3fb392de5096acc24
332,29,temp,2025-06-17T10:41:57,66ce60b3fb392de5096acc24
333,51,humidity,2025-06-17T10:41:57,66ce60b3fb392de5096acc24
334,200,co2-concentration,2025-06-17T10:45:02,66ce60b3fb392de5096acc24
335,29,temp,2025-06-17T10:45:02,66ce60b3fb392de5096acc24
336,51,humidity,2025-06-17T10:45:02,66ce60b3fb392de5096acc24
337,200,co2-concentration,2025-06-17T10:48:05,66ce60b3fb392de5096acc24
338,29,temp,2025-06-17T10:48:05,66ce60b3fb392de5096acc24
339,51,humidity,2025-06-17T10:48:05,66ce60b3fb392de5096acc24
340,200,co2-concentration,2025-06-17T10:51:07,66ce60b3fb392de5096acc24
341,29,temp,2025-06-17T10:51:07,66ce60b3fb392de5096acc24
342,51,humidity,2025-06-17T10:51:07,66ce60b3fb392de5096acc24
343,200,co2-concentration,2025-06-17T10:54:10,66ce60b3fb392de5096acc24
344,29,temp,2025-06-17T10:54:10,66ce60b3fb392de5096acc24
345,51,humidity,2025-06-17T10:54:10,66ce60b3fb392de5096acc24
346,200,co2-concentration,2025-06-17T10:57:13,66ce60b3fb392de5096acc24
347,29,temp,2025-06-17T10:57:13,66ce60b3fb392de5096acc24
348,51,humidity,2025-06-17T10:57:13,66ce60b3fb392de5096acc24
349,200,co2-concentration,2025-06-17T11:00:15,66ce60b3fb392de5096acc24
350,29,temp,2025-06-17T11:00:15,66ce60b3fb392de5096acc24
351,51,humidity,2025-06-17T11:00:15,66ce60b3fb392de5096acc24
352,200,co2-concentration,2025-06-17T11:03:18,66ce60b3fb392de5096acc24
353,29,temp,2025-06-17T11:03:18,66ce60b3fb392de5096acc24
354,51,humidity,2025-06-17T11:03:18,66ce60b3fb392de5096acc24
355,200,co2-concentration,2025-06-17T11:06:21,66ce60b3fb392de5096acc24
356,29,temp,2025-06-17T11:06:21,66ce60b3fb392de5096acc24
357,51,humidity,2025-06-17T11:06:21,66ce60b3fb392de5096acc24
358,200,co2-concentration,2025-06-17T11:09:23,66ce60b3fb392de5096acc24
359,29,temp,2025-06-17T11:09:23,66ce60b3fb392de5096acc24
360,51,humidity,2025-06-17T11:09:23,66ce60b3fb392de5096acc24
361,200,co2-concentration,2025-06-17T11:12:26,66ce60b3fb392de5096acc24
362,29,temp,2025-06-17T11:12:26,66ce60b3fb392de5096acc24
363,51,humidity,2025-06-17T11:12:26,66ce60b3fb392de5096acc24
364,200,co2-concentration,2025-06-17T11:15:29,66ce60b3fb392de5096acc24
365,29,temp,2025-06-17T11:15:29,66ce60b3fb392de5096acc24
366,51,humidity,2025-06-17T11:15:29,66ce60b3fb392de5096acc24
367,200,co2-concentration,2025-06-17T11:18:31,66ce60b3fb392de5096acc24
368,29,temp,2025-06-17T11:18:31,66ce60b3fb392de5096acc24
369,51,humidity,2025-06-17T11:18:31,66ce60b3fb392de5096acc24
370,200,co2-concentration,2025-06-17T11:21:35,66ce60b3fb392de5096acc24
371,29,temp,2025-06-17T11:21:35,66ce60b3fb392de5096acc24
372,51,humidity,2025-06-17T11:21:35,66ce60b3fb392de5096acc24
373,200,co2-concentration,2025-06-17T11:24:38,66ce60b3fb392de5096acc24
374,29,temp,2025-06-17T11:24:38,66ce60b3fb392de5096acc24
375,51,humidity,2025-06-17T11:24:38,66ce60b3fb392de5096acc24
376,200,co2-concentration,2025-06-17T11:27:40,66ce60b3fb392de5096acc24
377,29,temp,2025-06-17T11:27:40,66ce60b3fb392de5096acc24
378,51,humidity,2025-06-17T11:27:40,66ce60b3fb392de5096acc24
379,200,co2-concentration,2025-06-17T11:30:45,66ce60b3fb392de5096acc24
380,29,temp,2025-06-17T11:30:45,66ce60b3fb392de5096acc24
381,51,humidity,2025-06-17T11:30:45,66ce60b3fb392de5096acc24
382,200,co2-concentration,2025-06-17T11:33:48,66ce60b3fb392de5096acc24
383,29,temp,2025-06-17T11:33:48,66ce60b3fb392de5096acc24
384,51,humidity,2025-06-17T11:33:48,66ce60b3fb392de5096acc24
385,200,co2-concentration,2025-06-17T11:36:50,66ce60b3fb392de5096acc24
386,29,temp,2025-06-17T11:36:50,66ce60b3fb392de5096acc24
387,51,humidity,2025-06-17T11:36:50,66ce60b3fb392de5096acc24
388,200,co2-concentration,2025-06-17T11:39:53,66ce60b3fb392de5096acc24
389,29,temp,2025-06-17T11:39:53,66ce60b3fb392de5096acc24
390,51,humidity,2025-06-17T11:39:53,66ce60b3fb392de5096acc24
391,200,co2-concentration,2025-06-17T11:42:56,66ce60b3fb392de5096acc24
392,29,temp,2025-06-17T11:42:56,66ce60b3fb392de5096acc24
393,51,humidity,2025-06-17T11:42:56,66ce60b3fb392de5096acc24
394,200,co2-concentration,2025-06-17T11:45:58,66ce60b3fb392de5096acc24
395,29,temp,2025-06-17T11:45:58,66ce60b3fb392de5096acc24
396,51,humidity,2025-06-17T11:45:58,66ce60b3fb392de5096acc24
397,200,co2-concentration,2025-06-17T11:49:01,66ce60b3fb392de5096acc24
398,29,temp,2025-06-17T11:49:01,66ce60b3fb392de5096acc24
399,51,humidity,2025-06-17T11:49:01,66ce60b3fb392de5096acc24
400,200,co2-concentration,2025-06-17T11:52:06,66ce60b3fb392de5096acc24
401,29,temp,2025-06-17T11:52:06,66ce60b3fb392de5096acc24
402,51,humidity,2025-06-17T11:52:06,66ce60b3fb392de5096acc24
403,200,co2-concentration,2025-06-17T11:55:09,66ce60b3fb392de5096acc24
404,29,temp,2025-06-17T11:55:09,66ce60b3fb392de5096acc24
405,51,humidity,2025-06-17T11:55:09,66ce60b3fb392de5096acc24
406,200,co2-concentration,2025-06-17T11:58:13,66ce60b3fb392de5096acc24
407,29,temp,2025-06-17T11:58:13,66ce60b3fb392de5096acc24
408,51,humidity,2025-06-17T11:58:13,66ce60b3fb392de5096acc24
409,200,co2-concentration,2025-06-17T12:01:18,66ce60b3fb392de5096acc24
410,29,temp,2025-06-17T12:01:18,66ce60b3fb392de5096acc24
411,51,humidity,2025-06-17T12:01:18,66ce60b3fb392de5096acc24
412,200,co2-concentration,2025-06-17T12:04:20,66ce60b3fb392de5096acc24
413,29,temp,2025-06-17T12:04:20,66ce60b3fb392de5096acc24
414,51,humidity,2025-06-17T12:04:20,66ce60b3fb392de5096acc24
415,200,co2-concentration,2025-06-17T12:07:23,66ce60b3fb392de5096acc24
416,29,temp,2025-06-17T12:07:23,66ce60b3fb392de5096acc24
417,51,humidity,2025-06-17T12:07:23,66ce60b3fb392de5096acc24
418,200,co2-concentration,2025-06-17T12:10:25,66ce60b3fb392de5096acc24
419,29,temp,2025-06-17T12:10:25,66ce60b3fb392de5096acc24
420,51,humidity,2025-06-17T12:10:25,66ce60b3fb392de5096acc24
421,200,co2-concentration,2025-06-17T12:13:28,66ce60b3fb392de5096acc24
422,29,temp,2025-06-17T12:13:28,66ce60b3fb392de5096acc24
423,51,humidity,2025-06-17T12:13:28,66ce60b3fb392de5096acc24
424,200,co2-concentration,2025-06-17T12:16:31,66ce60b3fb392de5096acc24
425,29,temp,2025-06-17T12:16:31,66ce60b3fb392de5096acc24
426,51,humidity,2025-06-17T12:16:31,66ce60b3fb392de5096acc24
427,200,co2-concentration,2025-06-17T12:19:33,66ce60b3fb392de5096acc24
428,29,temp,2025-06-17T12:19:33,66ce60b3fb392de5096acc24
429,51,humidity,2025-06-17T12:19:33,66ce60b3fb392de5096acc24
430,200,co2-concentration,2025-06-17T12:22:36,66ce60b3fb392de5096acc24
431,29,temp,2025-06-17T12:22:36,66ce60b3fb392de5096acc24
432,51,humidity,2025-06-17T12:22:36,66ce60b3fb392de5096acc24
433,200,co2-concentration,2025-06-17T12:25:39,66ce60b3fb392de5096acc24
434,29,temp,2025-06-17T12:25:39,66ce60b3fb392de5096acc24
435,51,humidity,2025-06-17T12:25:39,66ce60b3fb392de5096acc24
436,200,co2-concentration,2025-06-17T12:28:41,66ce60b3fb392de5096acc24
437,29,temp,2025-06-17T12:28:41,66ce60b3fb392de5096acc24
438,51,humidity,2025-06-17T12:28:41,66ce60b3fb392de5096acc24
439,200,co2-concentration,2025-06-17T12:31:44,66ce60b3fb392de5096acc24
440,29,temp,2025-06-17T12:31:44,66ce60b3fb392de5096acc24
441,51,humidity,2025-06-17T12:31:44,66ce60b3fb392de5096acc24
442,200,co2-concentration,2025-06-17T12:34:46,66ce60b3fb392de5096acc24
443,29,temp,2025-06-17T12:34:46,66ce60b3fb392de5096acc24
444,51,humidity,2025-06-17T12:34:46,66ce60b3fb392de5096acc24
445,200,co2-concentration,2025-06-17T12:37:49,66ce60b3fb392de5096acc24
446,29,temp,2025-06-17T12:37:49,66ce60b3fb392de5096acc24
447,51,humidity,2025-06-17T12:37:49,66ce60b3fb392de5096acc24
448,200,co2-concentration,2025-06-17T12:40:52,66ce60b3fb392de5096acc24
449,29,temp,2025-06-17T12:40:52,66ce60b3fb392de5096acc24
450,51,humidity,2025-06-17T12:40:52,66ce60b3fb392de5096acc24
451,200,co2-concentration,2025-06-17T12:43:55,66ce60b3fb392de5096acc24
452,29,temp,2025-06-17T12:43:55,66ce60b3fb392de5096acc24
453,51,humidity,2025-06-17T12:43:55,66ce60b3fb392de5096acc24
454,200,co2-concentration,2025-06-17T12:46:57,66ce60b3fb392de5096acc24
455,29,temp,2025-06-17T12:46:57,66ce60b3fb392de5096acc24
456,51,humidity,2025-06-17T12:46:57,66ce60b3fb392de5096acc24
457,200,co2-concentration,2025-06-17T12:50:01,66ce60b3fb392de5096acc24
458,29,temp,2025-06-17T12:50:01,66ce60b3fb392de5096acc24
459,51,humidity,2025-06-17T12:50:01,66ce60b3fb392de5096acc24
460,200,co2-concentration,2025-06-17T12:53:07,66ce60b3fb392de5096acc24
461,28,temp,2025-06-17T12:53:07,66ce60b3fb392de5096acc24
462,50,humidity,2025-06-17T12:53:07,66ce60b3fb392de5096acc24
463,200,co2-concentration,2025-06-17T12:56:09,66ce60b3fb392de5096acc24
464,28,temp,2025-06-17T12:56:09,66ce60b3fb392de5096acc24
465,51,humidity,2025-06-17T12:56:09,66ce60b3fb392de5096acc24
466,200,co2-concentration,2025-06-17T12:59:12,66ce60b3fb392de5096acc24
467,27,temp,2025-06-17T12:59:12,66ce60b3fb392de5096acc24
468,51,humidity,2025-06-17T12:59:12,66ce60b3fb392de5096acc24
469,200,co2-concentration,2025-06-17T13:02:15,66ce60b3fb392de5096acc24
470,27,temp,2025-06-17T13:02:15,66ce60b3fb392de5096acc24
471,51,humidity,2025-06-17T13:02:15,66ce60b3fb392de5096acc24
472,200,co2-concentration,2025-06-17T13:05:17,66ce60b3fb392de5096acc24
473,26,temp,2025-06-17T13:05:17,66ce60b3fb392de5096acc24
474,51,humidity,2025-06-17T13:05:17,66ce60b3fb392de5096acc24
475,200,co2-concentration,2025-06-17T13:08:20,66ce60b3fb392de5096acc24
476,26,temp,2025-06-17T13:08:20,66ce60b3fb392de5096acc24
477,50,humidity,2025-06-17T13:08:20,66ce60b3fb392de5096acc24
478,200,co2-concentration,2025-06-17T13:11:30,66ce60b3fb392de5096acc24
479,26,temp,2025-06-17T13:11:30,66ce60b3fb392de5096acc24
480,49,humidity,2025-06-17T13:11:30,66ce60b3fb392de5096acc24
481,200,co2-concentration,2025-06-17T13:14:32,66ce60b3fb392de5096acc24
482,26,temp,2025-06-17T13:14:32,66ce60b3fb392de5096acc24
483,49,humidity,2025-06-17T13:14:32,66ce60b3fb392de5096acc24
484,200,co2-concentration,2025-06-17T13:17:34,66ce60b3fb392de5096acc24
485,26,temp,2025-06-17T13:17:34,66ce60b3fb392de5096acc24
486,48,humidity,2025-06-17T13:17:34,66ce60b3fb392de5096acc24
487,200,co2-concentration,2025-06-17T13:20:37,66ce60b3fb392de5096acc24
488,26,temp,2025-06-17T13:20:37,66ce60b3fb392de5096acc24
489,47,humidity,2025-06-17T13:20:37,66ce60b3fb392de5096acc24
490,200,co2-concentration,2025-06-17T13:23:40,66ce60b3fb392de5096acc24
491,26,temp,2025-06-17T13:23:40,66ce60b3fb392de5096acc24
492,47,humidity,2025-06-17T13:23:40,66ce60b3fb392de5096acc24
493,200,co2-concentration,2025-06-17T13:26:43,66ce60b3fb392de5096acc24
494,26,temp,2025-06-17T13:26:43,66ce60b3fb392de5096acc24
495,46,humidity,2025-06-17T13:26:43,66ce60b3fb392de5096acc24
496,200,co2-concentration,2025-06-17T13:29:45,66ce60b3fb392de5096acc24
497,26,temp,2025-06-17T13:29:45,66ce60b3fb392de5096acc24
498,46,humidity,2025-06-17T13:29:45,66ce60b3fb392de5096acc24
499,200,co2-concentration,2025-06-17T13:32:48,66ce60b3fb392de5096acc24
500,26,temp,2025-06-17T13:32:48,66ce60b3fb392de5096acc24
501,45,humidity,2025-06-17T13:32:48,66ce60b3fb392de5096acc24
502,200,co2-concentration,2025-06-17T13:35:50,66ce60b3fb392de5096acc24
503,26,temp,2025-06-17T13:35:50,66ce60b3fb392de5096acc24
504,44,humidity,2025-06-17T13:35:50,66ce60b3fb392de5096acc24
505,200,co2-concentration,2025-06-17T13:38:53,66ce60b3fb392de5096acc24
506,26,temp,2025-06-17T13:38:53,66ce60b3fb392de5096acc24
507,44,humidity,2025-06-17T13:38:53,66ce60b3fb392de5096acc24
508,200,co2-concentration,2025-06-17T13:41:58,66ce60b3fb392de5096acc24
509,26,temp,2025-06-17T13:41:58,66ce60b3fb392de5096acc24
510,44,humidity,2025-06-17T13:41:58,66ce60b3fb392de5096acc24
511,200,co2-concentration,2025-06-17T13:45:00,66ce60b3fb392de5096acc24
512,26,temp,2025-06-17T13:45:00,66ce60b3fb392de5096acc24
513,43,humidity,2025-06-17T13:45:00,66ce60b3fb392de5096acc24
514,200,co2-concentration,2025-06-17T13:48:03,66ce60b3fb392de5096acc24
515,26,temp,2025-06-17T13:48:03,66ce60b3fb392de5096acc24
516,43,humidity,2025-06-17T13:48:03,66ce60b3fb392de5096acc24
517,200,co2-concentration,2025-06-17T13:51:15,66ce60b3fb392de5096acc24
518,26,temp,2025-06-17T13:51:15,66ce60b3fb392de5096acc24
519,43,humidity,2025-06-17T13:51:15,66ce60b3fb392de5096acc24
520,200,co2-concentration,2025-06-17T13:54:18,66ce60b3fb392de5096acc24
521,25,temp,2025-06-17T13:54:18,66ce60b3fb392de5096acc24
522,42,humidity,2025-06-17T13:54:18,66ce60b3fb392de5096acc24
523,200,co2-concentration,2025-06-17T13:57:21,66ce60b3fb392de5096acc24
524,25,temp,2025-06-17T13:57:21,66ce60b3fb392de5096acc24
525,42,humidity,2025-06-17T13:57:21,66ce60b3fb392de5096acc24
526,200,co2-concentration,2025-06-17T14:00:28,66ce60b3fb392de5096acc24
527,25,temp,2025-06-17T14:00:28,66ce60b3fb392de5096acc24
528,42,humidity,2025-06-17T14:00:28,66ce60b3fb392de5096acc24
529,200,co2-concentration,2025-06-17T14:03:31,66ce60b3fb392de5096acc24
530,25,temp,2025-06-17T14:03:31,66ce60b3fb392de5096acc24
531,41,humidity,2025-06-17T14:03:31,66ce60b3fb392de5096acc24
532,200,co2-concentration,2025-06-17T14:06:34,66ce60b3fb392de5096acc24
533,25,temp,2025-06-17T14:06:34,66ce60b3fb392de5096acc24
534,41,humidity,2025-06-17T14:06:34,66ce60b3fb392de5096acc24
535,200,co2-concentration,2025-06-17T14:09:36,66ce60b3fb392de5096acc24
536,25,temp,2025-06-17T14:09:36,66ce60b3fb392de5096acc24
537,41,humidity,2025-06-17T14:09:36,66ce60b3fb392de5096acc24
538,200,co2-concentration,2025-06-17T14:12:39,66ce60b3fb392de5096acc24
539,25,temp,2025-06-17T14:12:39,66ce60b3fb392de5096acc24
540,41,humidity,2025-06-17T14:12:39,66ce60b3fb392de5096acc24
541,200,co2-concentration,2025-06-17T14:15:50,66ce60b3fb392de5096acc24
542,25,temp,2025-06-17T14:15:50,66ce60b3fb392de5096acc24
543,43,humidity,2025-06-17T14:15:50,66ce60b3fb392de5096acc24
544,200,co2-concentration,2025-06-17T14:18:54,66ce60b3fb392de5096acc24
545,25,temp,2025-06-17T14:18:54,66ce60b3fb392de5096acc24
546,45,humidity,2025-06-17T14:18:54,66ce60b3fb392de5096acc24
547,200,co2-concentration,2025-06-17T14:21:57,66ce60b3fb392de5096acc24
548,26,temp,2025-06-17T14:21:57,66ce60b3fb392de5096acc24
549,46,humidity,2025-06-17T14:21:57,66ce60b3fb392de5096acc24
550,200,co2-concentration,2025-06-17T14:24:59,66ce60b3fb392de5096acc24
551,25,temp,2025-06-17T14:24:59,66ce60b3fb392de5096acc24
552,46,humidity,2025-06-17T14:24:59,66ce60b3fb392de5096acc24
553,200,co2-concentration,2025-06-17T14:28:02,66ce60b3fb392de5096acc24
554,26,temp,2025-06-17T14:28:02,66ce60b3fb392de5096acc24
555,45,humidity,2025-06-17T14:28:02,66ce60b3fb392de5096acc24
556,200,co2-concentration,2025-06-17T14:31:05,66ce60b3fb392de5096acc24
557,26,temp,2025-06-17T14:31:05,66ce60b3fb392de5096acc24
558,45,humidity,2025-06-17T14:31:05,66ce60b3fb392de5096acc24
559,200,co2-concentration,2025-06-17T14:34:08,66ce60b3fb392de5096acc24
560,26,temp,2025-06-17T14:34:08,66ce60b3fb392de5096acc24
561,45,humidity,2025-06-17T14:34:08,66ce60b3fb392de5096acc24
562,200,co2-concentration,2025-06-17T14:37:14,66ce60b3fb392de5096acc24
563,26,temp,2025-06-17T14:37:14,66ce60b3fb392de5096acc24
564,45,humidity,2025-06-17T14:37:14,66ce60b3fb392de5096acc24
565,200,co2-concentration,2025-06-17T14:40:18,66ce60b3fb392de5096acc24
566,26,temp,2025-06-17T14:40:18,66ce60b3fb392de5096acc24
567,45,humidity,2025-06-17T14:40:18,66ce60b3fb392de5096acc24
568,200,co2-concentration,2025-06-17T14:43:21,66ce60b3fb392de5096acc24
569,26,temp,2025-06-17T14:43:21,66ce60b3fb392de5096acc24
570,44,humidity,2025-06-17T14:43:21,66ce60b3fb392de5096acc24
571,200,co2-concentration,2025-06-17T14:46:24,66ce60b3fb392de5096acc24
572,26,temp,2025-06-17T14:46:24,66ce60b3fb392de5096acc24
573,44,humidity,2025-06-17T14:46:24,66ce60b3fb392de5096acc24
574,200,co2-concentration,2025-06-17T14:49:27,66ce60b3fb392de5096acc24
575,26,temp,2025-06-17T14:49:27,66ce60b3fb392de5096acc24
576,45,humidity,2025-06-17T14:49:27,66ce60b3fb392de5096acc24
577,200,co2-concentration,2025-06-17T14:52:30,66ce60b3fb392de5096acc24
578,26,temp,2025-06-17T14:52:30,66ce60b3fb392de5096acc24
579,45,humidity,2025-06-17T14:52:30,66ce60b3fb392de5096acc24
580,200,co2-concentration,2025-06-17T14:55:36,66ce60b3fb392de5096acc24
581,26,temp,2025-06-17T14:55:36,66ce60b3fb392de5096acc24
582,45,humidity,2025-06-17T14:55:36,66ce60b3fb392de5096acc24
583,200,co2-concentration,2025-06-17T14:58:38,66ce60b3fb392de5096acc24
584,26,temp,2025-06-17T14:58:38,66ce60b3fb392de5096acc24
585,45,humidity,2025-06-17T14:58:38,66ce60b3fb392de5096acc24
586,200,co2-concentration,2025-06-17T15:01:44,66ce60b3fb392de5096acc24
587,26,temp,2025-06-17T15:01:44,66ce60b3fb392de5096acc24
588,45,humidity,2025-06-17T15:01:44,66ce60b3fb392de5096acc24
589,200,co2-concentration,2025-06-17T15:04:46,66ce60b3fb392de5096acc24
590,26,temp,2025-06-17T15:04:46,66ce60b3fb392de5096acc24
591,44,humidity,2025-06-17T15:04:46,66ce60b3fb392de5096acc24
592,200,co2-concentration,2025-06-17T15:07:49,66ce60b3fb392de5096acc24
593,26,temp,2025-06-17T15:07:49,66ce60b3fb392de5096acc24
594,45,humidity,2025-06-17T15:07:49,66ce60b3fb392de5096acc24
595,200,co2-concentration,2025-06-17T15:10:52,66ce60b3fb392de5096acc24
596,26,temp,2025-06-17T15:10:52,66ce60b3fb392de5096acc24
597,45,humidity,2025-06-17T15:10:52,66ce60b3fb392de5096acc24
598,200,co2-concentration,2025-06-17T15:13:57,66ce60b3fb392de5096acc24
599,26,temp,2025-06-17T15:13:57,66ce60b3fb392de5096acc24
600,46,humidity,2025-06-17T15:13:57,66ce60b3fb392de5096acc24
601,200,co2-concentration,2025-06-17T15:17:01,66ce60b3fb392de5096acc24
602,26,temp,2025-06-17T15:17:01,66ce60b3fb392de5096acc24
603,47,humidity,2025-06-17T15:17:01,66ce60b3fb392de5096acc24
604,200,co2-concentration,2025-06-17T15:20:04,66ce60b3fb392de5096acc24
605,26,temp,2025-06-17T15:20:04,66ce60b3fb392de5096acc24
606,46,humidity,2025-06-17T15:20:04,66ce60b3fb392de5096acc24
607,200,co2-concentration,2025-06-17T15:23:07,66ce60b3fb392de5096acc24
608,26,temp,2025-06-17T15:23:07,66ce60b3fb392de5096acc24
609,46,humidity,2025-06-17T15:23:07,66ce60b3fb392de5096acc24
610,200,co2-concentration,2025-06-17T15:26:28,66ce60b3fb392de5096acc24
611,26,temp,2025-06-17T15:26:28,66ce60b3fb392de5096acc24
612,46,humidity,2025-06-17T15:26:28,66ce60b3fb392de5096acc24
613,200,co2-concentration,2025-06-17T15:29:31,66ce60b3fb392de5096acc24
614,27,temp,2025-06-17T15:29:31,66ce60b3fb392de5096acc24
615,46,humidity,2025-06-17T15:29:31,66ce60b3fb392de5096acc24
616,200,co2-concentration,2025-06-17T15:32:33,66ce60b3fb392de5096acc24
617,27,temp,2025-06-17T15:32:33,66ce60b3fb392de5096acc24
618,46,humidity,2025-06-17T15:32:33,66ce60b3fb392de5096acc24
619,200,co2-concentration,2025-06-17T15:35:36,66ce60b3fb392de5096acc24
620,27,temp,2025-06-17T15:35:36,66ce60b3fb392de5096acc24
621,45,humidity,2025-06-17T15:35:36,66ce60b3fb392de5096acc24
622,200,co2-concentration,2025-06-17T15:38:39,66ce60b3fb392de5096acc24
623,27,temp,2025-06-17T15:38:39,66ce60b3fb392de5096acc24
624,45,humidity,2025-06-17T15:38:39,66ce60b3fb392de5096acc24
625,200,co2-concentration,2025-06-17T15:41:41,66ce60b3fb392de5096acc24
626,26,temp,2025-06-17T15:41:41,66ce60b3fb392de5096acc24
627,46,humidity,2025-06-17T15:41:41,66ce60b3fb392de5096acc24
628,200,co2-concentration,2025-06-17T15:44:57,66ce60b3fb392de5096acc24
629,27,temp,2025-06-17T15:44:57,66ce60b3fb392de5096acc24
630,46,humidity,2025-06-17T15:44:57,66ce60b3fb392de5096acc24
631,200,co2-concentration,2025-06-17T15:47:59,66ce60b3fb392de5096acc24
632,26,temp,2025-06-17T15:47:59,66ce60b3fb392de5096acc24
633,45,humidity,2025-06-17T15:47:59,66ce60b3fb392de5096acc24
634,200,co2-concentration,2025-06-17T15:54:10,66ce60b3fb392de5096acc24
635,26,temp,2025-06-17T15:54:10,66ce60b3fb392de5096acc24
636,46,humidity,2025-06-17T15:54:10,66ce60b3fb392de5096acc24
637,200,co2-concentration,2025-06-17T15:54:15,66ce60b3fb392de5096acc24
638,26,temp,2025-06-17T15:54:15,66ce60b3fb392de5096acc24
639,46,humidity,2025-06-17T15:54:15,66ce60b3fb392de5096acc24
640,200,co2-concentration,2025-06-17T15:57:18,66ce60b3fb392de5096acc24
641,26,temp,2025-06-17T15:57:18,66ce60b3fb392de5096acc24
642,45,humidity,2025-06-17T15:57:18,66ce60b3fb392de5096acc24
643,200,co2-concentration,2025-06-17T16:00:21,66ce60b3fb392de5096acc24
644,26,temp,2025-06-17T16:00:21,66ce60b3fb392de5096acc24
645,44,humidity,2025-06-17T16:00:21,66ce60b3fb392de5096acc24
646,200,co2-concentration,2025-06-17T16:03:23,66ce60b3fb392de5096acc24
647,26,temp,2025-06-17T16:03:23,66ce60b3fb392de5096acc24
648,44,humidity,2025-06-17T16:03:23,66ce60b3fb392de5096acc24
649,200,co2-concentration,2025-06-17T16:06:26,66ce60b3fb392de5096acc24
650,26,temp,2025-06-17T16:06:26,66ce60b3fb392de5096acc24
651,43,humidity,2025-06-17T16:06:26,66ce60b3fb392de5096acc24
652,200,co2-concentration,2025-06-17T16:09:28,66ce60b3fb392de5096acc24
653,25,temp,2025-06-17T16:09:28,66ce60b3fb392de5096acc24
654,42,humidity,2025-06-17T16:09:28,66ce60b3fb392de5096acc24
655,200,co2-concentration,2025-06-17T16:12:31,66ce60b3fb392de5096acc24
656,25,temp,2025-06-17T16:12:31,66ce60b3fb392de5096acc24
657,41,humidity,2025-06-17T16:12:31,66ce60b3fb392de5096acc24
658,200,co2-concentration,2025-06-17T16:15:33,66ce60b3fb392de5096acc24
659,25,temp,2025-06-17T16:15:33,66ce60b3fb392de5096acc24
660,41,humidity,2025-06-17T16:15:33,66ce60b3fb392de5096acc24
661,200,co2-concentration,2025-06-17T16:21:47,66ce60b3fb392de5096acc24
662,25,temp,2025-06-17T16:21:47,66ce60b3fb392de5096acc24
663,39,humidity,2025-06-17T16:21:47,66ce60b3fb392de5096acc24
664,200,co2-concentration,2025-06-17T16:24:49,66ce60b3fb392de5096acc24
665,25,temp,2025-06-17T16:24:49,66ce60b3fb392de5096acc24
666,39,humidity,2025-06-17T16:24:49,66ce60b3fb392de5096acc24
667,200,co2-concentration,2025-06-17T16:27:52,66ce60b3fb392de5096acc24
668,24,temp,2025-06-17T16:27:52,66ce60b3fb392de5096acc24
669,39,humidity,2025-06-17T16:27:52,66ce60b3fb392de5096acc24
670,200,co2-concentration,2025-06-17T16:30:55,66ce60b3fb392de5096acc24
671,24,temp,2025-06-17T16:30:55,66ce60b3fb392de5096acc24
672,39,humidity,2025-06-17T16:30:55,66ce60b3fb392de5096acc24
673,200,co2-concentration,2025-06-17T16:33:57,66ce60b3fb392de5096acc24
674,24,temp,2025-06-17T16:33:57,66ce60b3fb392de5096acc24
675,38,humidity,2025-06-17T16:33:57,66ce60b3fb392de5096acc24
676,200,co2-concentration,2025-06-17T16:37:00,66ce60b3fb392de5096acc24
677,24,temp,2025-06-17T16:37:00,66ce60b3fb392de5096acc24
678,38,humidity,2025-06-17T16:37:00,66ce60b3fb392de5096acc24
679,200,co2-concentration,2025-06-17T16:40:03,66ce60b3fb392de5096acc24
680,24,temp,2025-06-17T16:40:03,66ce60b3fb392de5096acc24
681,38,humidity,2025-06-17T16:40:03,66ce60b3fb392de5096acc24
682,200,co2-concentration,2025-06-17T16:43:06,66ce60b3fb392de5096acc24
683,24,temp,2025-06-17T16:43:06,66ce60b3fb392de5096acc24
684,38,humidity,2025-06-17T16:43:06,66ce60b3fb392de5096acc24
685,200,co2-concentration,2025-06-17T16:46:08,66ce60b3fb392de5096acc24
686,24,temp,2025-06-17T16:46:08,66ce60b3fb392de5096acc24
687,38,humidity,2025-06-17T16:46:08,66ce60b3fb392de5096acc24
688,200,co2-concentration,2025-06-17T16:49:11,66ce60b3fb392de5096acc24
689,24,temp,2025-06-17T16:49:11,66ce60b3fb392de5096acc24
690,37,humidity,2025-06-17T16:49:11,66ce60b3fb392de5096acc24
691,200,co2-concentration,2025-06-17T16:52:14,66ce60b3fb392de5096acc24
692,24,temp,2025-06-17T16:52:14,66ce60b3fb392de5096acc24
693,37,humidity,2025-06-17T16:52:14,66ce60b3fb392de5096acc24
694,200,co2-concentration,2025-06-17T16:55:16,66ce60b3fb392de5096acc24
695,24,temp,2025-06-17T16:55:16,66ce60b3fb392de5096acc24
696,39,humidity,2025-06-17T16:55:16,66ce60b3fb392de5096acc24
697,200,co2-concentration,2025-06-17T16:58:19,66ce60b3fb392de5096acc24
698,24,temp,2025-06-17T16:58:19,66ce60b3fb392de5096acc24
699,39,humidity,2025-06-17T16:58:19,66ce60b3fb392de5096acc24
700,200,co2-concentration,2025-06-17T17:01:30,66ce60b3fb392de5096acc24
701,24,temp,2025-06-17T17:01:30,66ce60b3fb392de5096acc24
702,38,humidity,2025-06-17T17:01:30,66ce60b3fb392de5096acc24
703,200,co2-concentration,2025-06-17T17:04:33,66ce60b3fb392de5096acc24
704,24,temp,2025-06-17T17:04:33,66ce60b3fb392de5096acc24
705,38,humidity,2025-06-17T17:04:33,66ce60b3fb392de5096acc24
706,200,co2-concentration,2025-06-17T17:07:36,66ce60b3fb392de5096acc24
707,24,temp,2025-06-17T17:07:36,66ce60b3fb392de5096acc24
708,38,humidity,2025-06-17T17:07:36,66ce60b3fb392de5096acc24
709,200,co2-concentration,2025-06-17T17:10:39,66ce60b3fb392de5096acc24
710,24,temp,2025-06-17T17:10:39,66ce60b3fb392de5096acc24
711,38,humidity,2025-06-17T17:10:39,66ce60b3fb392de5096acc24
712,200,co2-concentration,2025-06-17T17:13:42,66ce60b3fb392de5096acc24
713,24,temp,2025-06-17T17:13:42,66ce60b3fb392de5096acc24
714,37,humidity,2025-06-17T17:13:42,66ce60b3fb392de5096acc24
715,200,co2-concentration,2025-06-17T17:16:44,66ce60b3fb392de5096acc24
716,24,temp,2025-06-17T17:16:44,66ce60b3fb392de5096acc24
717,37,humidity,2025-06-17T17:16:44,66ce60b3fb392de5096acc24
718,200,co2-concentration,2025-06-17T17:19:56,66ce60b3fb392de5096acc24
719,24,temp,2025-06-17T17:19:56,66ce60b3fb392de5096acc24
720,36,humidity,2025-06-17T17:19:56,66ce60b3fb392de5096acc24
721,200,co2-concentration,2025-06-17T17:22:58,66ce60b3fb392de5096acc24
722,25,temp,2025-06-17T17:22:58,66ce60b3fb392de5096acc24
723,36,humidity,2025-06-17T17:22:58,66ce60b3fb392de5096acc24
724,200,co2-concentration,2025-06-17T17:26:01,66ce60b3fb392de5096acc24
725,25,temp,2025-06-17T17:26:01,66ce60b3fb392de5096acc24
726,35,humidity,2025-06-17T17:26:01,66ce60b3fb392de5096acc24
727,200,co2-concentration,2025-06-17T17:29:04,66ce60b3fb392de5096acc24
728,25,temp,2025-06-17T17:29:04,66ce60b3fb392de5096acc24
729,34,humidity,2025-06-17T17:29:04,66ce60b3fb392de5096acc24
730,200,co2-concentration,2025-06-17T17:32:07,66ce60b3fb392de5096acc24
731,26,temp,2025-06-17T17:32:07,66ce60b3fb392de5096acc24
732,34,humidity,2025-06-17T17:32:07,66ce60b3fb392de5096acc24
733,200,co2-concentration,2025-06-17T17:35:09,66ce60b3fb392de5096acc24
734,26,temp,2025-06-17T17:35:09,66ce60b3fb392de5096acc24
735,34,humidity,2025-06-17T17:35:09,66ce60b3fb392de5096acc24
736,200,co2-concentration,2025-06-17T17:38:12,66ce60b3fb392de5096acc24
737,26,temp,2025-06-17T17:38:12,66ce60b3fb392de5096acc24
738,34,humidity,2025-06-17T17:38:12,66ce60b3fb392de5096acc24
739,200,co2-concentration,2025-06-17T17:41:14,66ce60b3fb392de5096acc24
740,26,temp,2025-06-17T17:41:14,66ce60b3fb392de5096acc24
741,34,humidity,2025-06-17T17:41:14,66ce60b3fb392de5096acc24
742,200,co2-concentration,2025-06-17T17:44:17,66ce60b3fb392de5096acc24
743,26,temp,2025-06-17T17:44:17,66ce60b3fb392de5096acc24
744,33,humidity,2025-06-17T17:44:17,66ce60b3fb392de5096acc24
745,200,co2-concentration,2025-06-17T17:47:19,66ce60b3fb392de5096acc24
746,26,temp,2025-06-17T17:47:19,66ce60b3fb392de5096acc24
747,33,humidity,2025-06-17T17:47:19,66ce60b3fb392de5096acc24
748,200,co2-concentration,2025-06-17T17:50:22,66ce60b3fb392de5096acc24
749,26,temp,2025-06-17T17:50:22,66ce60b3fb392de5096acc24
750,33,humidity,2025-06-17T17:50:22,66ce60b3fb392de5096acc24
751,200,co2-concentration,2025-06-17T17:53:25,66ce60b3fb392de5096acc24
752,26,temp,2025-06-17T17:53:25,66ce60b3fb392de5096acc24
753,33,humidity,2025-06-17T17:53:25,66ce60b3fb392de5096acc24
754,200,co2-concentration,2025-06-17T17:56:27,66ce60b3fb392de5096acc24
755,26,temp,2025-06-17T17:56:27,66ce60b3fb392de5096acc24
756,33,humidity,2025-06-17T17:56:27,66ce60b3fb392de5096acc24
757,200,co2-concentration,2025-06-17T17:59:30,66ce60b3fb392de5096acc24
758,26,temp,2025-06-17T17:59:30,66ce60b3fb392de5096acc24
759,33,humidity,2025-06-17T17:59:30,66ce60b3fb392de5096acc24
760,200,co2-concentration,2025-06-17T18:02:32,66ce60b3fb392de5096acc24
761,26,temp,2025-06-17T18:02:32,66ce60b3fb392de5096acc24
762,33,humidity,2025-06-17T18:02:32,66ce60b3fb392de5096acc24
763,200,co2-concentration,2025-06-17T18:05:35,66ce60b3fb392de5096acc24
764,26,temp,2025-06-17T18:05:35,66ce60b3fb392de5096acc24
765,33,humidity,2025-06-17T18:05:35,66ce60b3fb392de5096acc24
766,200,co2-concentration,2025-06-17T18:08:38,66ce60b3fb392de5096acc24
767,26,temp,2025-06-17T18:08:38,66ce60b3fb392de5096acc24
768,34,humidity,2025-06-17T18:08:38,66ce60b3fb392de5096acc24
769,200,co2-concentration,2025-06-17T18:11:40,66ce60b3fb392de5096acc24
770,25,temp,2025-06-17T18:11:40,66ce60b3fb392de5096acc24
771,34,humidity,2025-06-17T18:11:40,66ce60b3fb392de5096acc24
772,200,co2-concentration,2025-06-17T18:14:43,66ce60b3fb392de5096acc24
773,25,temp,2025-06-17T18:14:43,66ce60b3fb392de5096acc24
774,35,humidity,2025-06-17T18:14:43,66ce60b3fb392de5096acc24
775,200,co2-concentration,2025-06-17T18:17:46,66ce60b3fb392de5096acc24
776,24,temp,2025-06-17T18:17:46,66ce60b3fb392de5096acc24
777,35,humidity,2025-06-17T18:17:46,66ce60b3fb392de5096acc24
778,200,co2-concentration,2025-06-17T18:20:49,66ce60b3fb392de5096acc24
779,24,temp,2025-06-17T18:20:49,66ce60b3fb392de5096acc24
780,35,humidity,2025-06-17T18:20:49,66ce60b3fb392de5096acc24
781,200,co2-concentration,2025-06-17T18:23:51,66ce60b3fb392de5096acc24
782,24,temp,2025-06-17T18:23:51,66ce60b3fb392de5096acc24
783,35,humidity,2025-06-17T18:23:51,66ce60b3fb392de5096acc24
784,200,co2-concentration,2025-06-17T18:26:54,66ce60b3fb392de5096acc24
785,24,temp,2025-06-17T18:26:54,66ce60b3fb392de5096acc24
786,35,humidity,2025-06-17T18:26:54,66ce60b3fb392de5096acc24
787,200,co2-concentration,2025-06-17T18:29:56,66ce60b3fb392de5096acc24
788,24,temp,2025-06-17T18:29:56,66ce60b3fb392de5096acc24
789,35,humidity,2025-06-17T18:29:56,66ce60b3fb392de5096acc24
790,200,co2-concentration,2025-06-17T18:32:59,66ce60b3fb392de5096acc24
791,25,temp,2025-06-17T18:32:59,66ce60b3fb392de5096acc24
792,35,humidity,2025-06-17T18:32:59,66ce60b3fb392de5096acc24
793,200,co2-concentration,2025-06-17T18:36:01,66ce60b3fb392de5096acc24
794,25,temp,2025-06-17T18:36:01,66ce60b3fb392de5096acc24
795,36,humidity,2025-06-17T18:36:01,66ce60b3fb392de5096acc24
796,200,co2-concentration,2025-06-17T18:39:04,66ce60b3fb392de5096acc24
797,25,temp,2025-06-17T18:39:04,66ce60b3fb392de5096acc24
798,36,humidity,2025-06-17T18:39:04,66ce60b3fb392de5096acc24
799,200,co2-concentration,2025-06-17T18:42:07,66ce60b3fb392de5096acc24
800,25,temp,2025-06-17T18:42:07,66ce60b3fb392de5096acc24
801,36,humidity,2025-06-17T18:42:07,66ce60b3fb392de5096acc24
802,200,co2-concentration,2025-06-17T18:45:09,66ce60b3fb392de5096acc24
803,25,temp,2025-06-17T18:45:09,66ce60b3fb392de5096acc24
804,36,humidity,2025-06-17T18:45:09,66ce60b3fb392de5096acc24
805,200,co2-concentration,2025-06-17T18:48:20,66ce60b3fb392de5096acc24
806,25,temp,2025-06-17T18:48:20,66ce60b3fb392de5096acc24
807,36,humidity,2025-06-17T18:48:20,66ce60b3fb392de5096acc24
808,200,co2-concentration,2025-06-17T18:51:23,66ce60b3fb392de5096acc24
809,25,temp,2025-06-17T18:51:23,66ce60b3fb392de5096acc24
810,36,humidity,2025-06-17T18:51:23,66ce60b3fb392de5096acc24
811,200,co2-concentration,2025-06-17T18:54:26,66ce60b3fb392de5096acc24
812,25,temp,2025-06-17T18:54:26,66ce60b3fb392de5096acc24
813,36,humidity,2025-06-17T18:54:26,66ce60b3fb392de5096acc24
814,200,co2-concentration,2025-06-17T18:57:28,66ce60b3fb392de5096acc24
815,25,temp,2025-06-17T18:57:28,66ce60b3fb392de5096acc24
816,36,humidity,2025-06-17T18:57:28,66ce60b3fb392de5096acc24
817,200,co2-concentration,2025-06-17T19:00:33,66ce60b3fb392de5096acc24
818,25,temp,2025-06-17T19:00:33,66ce60b3fb392de5096acc24
819,36,humidity,2025-06-17T19:00:33,66ce60b3fb392de5096acc24
820,200,co2-concentration,2025-06-17T19:03:36,66ce60b3fb392de5096acc24
821,25,temp,2025-06-17T19:03:36,66ce60b3fb392de5096acc24
822,36,humidity,2025-06-17T19:03:36,66ce60b3fb392de5096acc24
823,200,co2-concentration,2025-06-17T19:06:39,66ce60b3fb392de5096acc24
824,25,temp,2025-06-17T19:06:39,66ce60b3fb392de5096acc24
825,36,humidity,2025-06-17T19:06:39,66ce60b3fb392de5096acc24
826,200,co2-concentration,2025-06-17T19:09:41,66ce60b3fb392de5096acc24
827,25,temp,2025-06-17T19:09:41,66ce60b3fb392de5096acc24
828,36,humidity,2025-06-17T19:09:41,66ce60b3fb392de5096acc24
829,200,co2-concentration,2025-06-17T19:12:44,66ce60b3fb392de5096acc24
830,25,temp,2025-06-17T19:12:44,66ce60b3fb392de5096acc24
831,36,humidity,2025-06-17T19:12:44,66ce60b3fb392de5096acc24
832,200,co2-concentration,2025-06-17T19:15:47,66ce60b3fb392de5096acc24
833,25,temp,2025-06-17T19:15:47,66ce60b3fb392de5096acc24
834,36,humidity,2025-06-17T19:15:47,66ce60b3fb392de5096acc24
835,200,co2-concentration,2025-06-17T19:18:49,66ce60b3fb392de5096acc24
836,25,temp,2025-06-17T19:18:49,66ce60b3fb392de5096acc24
837,37,humidity,2025-06-17T19:18:49,66ce60b3fb392de5096acc24
838,200,co2-concentration,2025-06-17T19:21:52,66ce60b3fb392de5096acc24
839,25,temp,2025-06-17T19:21:52,66ce60b3fb392de5096acc24
840,37,humidity,2025-06-17T19:21:52,66ce60b3fb392de5096acc24
841,200,co2-concentration,2025-06-17T19:24:55,66ce60b3fb392de5096acc24
842,25,temp,2025-06-17T19:24:55,66ce60b3fb392de5096acc24
843,37,humidity,2025-06-17T19:24:55,66ce60b3fb392de5096acc24
844,200,co2-concentration,2025-06-17T19:27:57,66ce60b3fb392de5096acc24
845,25,temp,2025-06-17T19:27:57,66ce60b3fb392de5096acc24
846,37,humidity,2025-06-17T19:27:57,66ce60b3fb392de5096acc24
847,200,co2-concentration,2025-06-17T19:31:00,66ce60b3fb392de5096acc24
848,25,temp,2025-06-17T19:31:00,66ce60b3fb392de5096acc24
849,37,humidity,2025-06-17T19:31:00,66ce60b3fb392de5096acc24
850,200,co2-concentration,2025-06-17T19:34:03,66ce60b3fb392de5096acc24
851,25,temp,2025-06-17T19:34:03,66ce60b3fb392de5096acc24
852,37,humidity,2025-06-17T19:34:03,66ce60b3fb392de5096acc24
853,200,co2-concentration,2025-06-17T19:37:05,66ce60b3fb392de5096acc24
854,25,temp,2025-06-17T19:37:05,66ce60b3fb392de5096acc24
855,37,humidity,2025-06-17T19:37:05,66ce60b3fb392de5096acc24
856,200,co2-concentration,2025-06-17T19:40:08,66ce60b3fb392de5096acc24
857,25,temp,2025-06-17T19:40:08,66ce60b3fb392de5096acc24
858,37,humidity,2025-06-17T19:40:08,66ce60b3fb392de5096acc24
859,200,co2-concentration,2025-06-17T19:43:11,66ce60b3fb392de5096acc24
860,25,temp,2025-06-17T19:43:11,66ce60b3fb392de5096acc24
861,37,humidity,2025-06-17T19:43:11,66ce60b3fb392de5096acc24
862,200,co2-concentration,2025-06-17T19:46:13,66ce60b3fb392de5096acc24
863,25,temp,2025-06-17T19:46:13,66ce60b3fb392de5096acc24
864,37,humidity,2025-06-17T19:46:13,66ce60b3fb392de5096acc24
865,200,co2-concentration,2025-06-17T19:49:16,66ce60b3fb392de5096acc24
866,25,temp,2025-06-17T19:49:16,66ce60b3fb392de5096acc24
867,37,humidity,2025-06-17T19:49:16,66ce60b3fb392de5096acc24
868,200,co2-concentration,2025-06-17T19:52:19,66ce60b3fb392de5096acc24
869,25,temp,2025-06-17T19:52:19,66ce60b3fb392de5096acc24
870,37,humidity,2025-06-17T19:52:19,66ce60b3fb392de5096acc24
871,200,co2-concentration,2025-06-17T19:55:21,66ce60b3fb392de5096acc24
872,25,temp,2025-06-17T19:55:21,66ce60b3fb392de5096acc24
873,37,humidity,2025-06-17T19:55:21,66ce60b3fb392de5096acc24
874,200,co2-concentration,2025-06-17T19:58:24,66ce60b3fb392de5096acc24
875,25,temp,2025-06-17T19:58:24,66ce60b3fb392de5096acc24
876,37,humidity,2025-06-17T19:58:24,66ce60b3fb392de5096acc24
877,200,co2-concentration,2025-06-17T20:01:27,66ce60b3fb392de5096acc24
878,25,temp,2025-06-17T20:01:27,66ce60b3fb392de5096acc24
879,37,humidity,2025-06-17T20:01:27,66ce60b3fb392de5096acc24
880,200,co2-concentration,2025-06-17T20:04:30,66ce60b3fb392de5096acc24
881,25,temp,2025-06-17T20:04:30,66ce60b3fb392de5096acc24
882,37,humidity,2025-06-17T20:04:30,66ce60b3fb392de5096acc24
883,200,co2-concentration,2025-06-17T20:07:33,66ce60b3fb392de5096acc24
884,25,temp,2025-06-17T20:07:33,66ce60b3fb392de5096acc24
885,37,humidity,2025-06-17T20:07:33,66ce60b3fb392de5096acc24
886,200,co2-concentration,2025-06-17T20:10:36,66ce60b3fb392de5096acc24
887,25,temp,2025-06-17T20:10:36,66ce60b3fb392de5096acc24
888,37,humidity,2025-06-17T20:10:36,66ce60b3fb392de5096acc24
889,200,co2-concentration,2025-06-17T20:13:39,66ce60b3fb392de5096acc24
890,25,temp,2025-06-17T20:13:39,66ce60b3fb392de5096acc24
891,37,humidity,2025-06-17T20:13:39,66ce60b3fb392de5096acc24
892,200,co2-concentration,2025-06-17T20:16:41,66ce60b3fb392de5096acc24
893,25,temp,2025-06-17T20:16:41,66ce60b3fb392de5096acc24
894,37,humidity,2025-06-17T20:16:41,66ce60b3fb392de5096acc24
895,200,co2-concentration,2025-06-17T20:19:44,66ce60b3fb392de5096acc24
896,25,temp,2025-06-17T20:19:44,66ce60b3fb392de5096acc24
897,37,humidity,2025-06-17T20:19:44,66ce60b3fb392de5096acc24
898,200,co2-concentration,2025-06-17T20:22:47,66ce60b3fb392de5096acc24
899,26,temp,2025-06-17T20:22:47,66ce60b3fb392de5096acc24
900,36,humidity,2025-06-17T20:22:47,66ce60b3fb392de5096acc24
901,200,co2-concentration,2025-06-17T20:25:49,66ce60b3fb392de5096acc24
902,26,temp,2025-06-17T20:25:49,66ce60b3fb392de5096acc24
903,37,humidity,2025-06-17T20:25:49,66ce60b3fb392de5096acc24
904,200,co2-concentration,2025-06-17T20:28:52,66ce60b3fb392de5096acc24
905,26,temp,2025-06-17T20:28:52,66ce60b3fb392de5096acc24
906,37,humidity,2025-06-17T20:28:52,66ce60b3fb392de5096acc24
907,200,co2-concentration,2025-06-17T20:31:55,66ce60b3fb392de5096acc24
908,27,temp,2025-06-17T20:31:55,66ce60b3fb392de5096acc24
909,36,humidity,2025-06-17T20:31:55,66ce60b3fb392de5096acc24
910,200,co2-concentration,2025-06-17T20:34:57,66ce60b3fb392de5096acc24
911,27,temp,2025-06-17T20:34:57,66ce60b3fb392de5096acc24
912,37,humidity,2025-06-17T20:34:57,66ce60b3fb392de5096acc24
913,200,co2-concentration,2025-06-17T20:38:00,66ce60b3fb392de5096acc24
914,27,temp,2025-06-17T20:38:00,66ce60b3fb392de5096acc24
915,37,humidity,2025-06-17T20:38:00,66ce60b3fb392de5096acc24
916,200,co2-concentration,2025-06-17T20:41:02,66ce60b3fb392de5096acc24
917,27,temp,2025-06-17T20:41:02,66ce60b3fb392de5096acc24
918,36,humidity,2025-06-17T20:41:02,66ce60b3fb392de5096acc24
919,200,co2-concentration,2025-06-17T20:44:05,66ce60b3fb392de5096acc24
920,27,temp,2025-06-17T20:44:05,66ce60b3fb392de5096acc24
921,37,humidity,2025-06-17T20:44:05,66ce60b3fb392de5096acc24
922,200,co2-concentration,2025-06-17T20:47:08,66ce60b3fb392de5096acc24
923,28,temp,2025-06-17T20:47:08,66ce60b3fb392de5096acc24
924,36,humidity,2025-06-17T20:47:08,66ce60b3fb392de5096acc24
925,200,co2-concentration,2025-06-17T20:50:10,66ce60b3fb392de5096acc24
926,28,temp,2025-06-17T20:50:10,66ce60b3fb392de5096acc24
927,37,humidity,2025-06-17T20:50:10,66ce60b3fb392de5096acc24
928,200,co2-concentration,2025-06-17T20:53:13,66ce60b3fb392de5096acc24
929,28,temp,2025-06-17T20:53:13,66ce60b3fb392de5096acc24
930,37,humidity,2025-06-17T20:53:13,66ce60b3fb392de5096acc24
931,200,co2-concentration,2025-06-17T20:56:15,66ce60b3fb392de5096acc24
932,28,temp,2025-06-17T20:56:15,66ce60b3fb392de5096acc24
933,38,humidity,2025-06-17T20:56:15,66ce60b3fb392de5096acc24
934,200,co2-concentration,2025-06-17T20:59:18,66ce60b3fb392de5096acc24
935,28,temp,2025-06-17T20:59:18,66ce60b3fb392de5096acc24
936,38,humidity,2025-06-17T20:59:18,66ce60b3fb392de5096acc24
937,200,co2-concentration,2025-06-17T21:02:20,66ce60b3fb392de5096acc24
938,28,temp,2025-06-17T21:02:20,66ce60b3fb392de5096acc24
939,37,humidity,2025-06-17T21:02:20,66ce60b3fb392de5096acc24
940,200,co2-concentration,2025-06-17T21:05:23,66ce60b3fb392de5096acc24
941,28,temp,2025-06-17T21:05:23,66ce60b3fb392de5096acc24
942,37,humidity,2025-06-17T21:05:23,66ce60b3fb392de5096acc24
943,200,co2-concentration,2025-06-17T21:08:38,66ce60b3fb392de5096acc24
944,28,temp,2025-06-17T21:08:38,66ce60b3fb392de5096acc24
945,37,humidity,2025-06-17T21:08:38,66ce60b3fb392de5096acc24
946,200,co2-concentration,2025-06-17T21:11:41,66ce60b3fb392de5096acc24
947,28,temp,2025-06-17T21:11:41,66ce60b3fb392de5096acc24
948,38,humidity,2025-06-17T21:11:41,66ce60b3fb392de5096acc24
949,200,co2-concentration,2025-06-17T21:14:43,66ce60b3fb392de5096acc24
950,28,temp,2025-06-17T21:14:43,66ce60b3fb392de5096acc24
951,38,humidity,2025-06-17T21:14:43,66ce60b3fb392de5096acc24
952,200,co2-concentration,2025-06-17T21:17:46,66ce60b3fb392de5096acc24
953,28,temp,2025-06-17T21:17:46,66ce60b3fb392de5096acc24
954,38,humidity,2025-06-17T21:17:46,66ce60b3fb392de5096acc24
955,200,co2-concentration,2025-06-17T21:20:48,66ce60b3fb392de5096acc24
956,28,temp,2025-06-17T21:20:48,66ce60b3fb392de5096acc24
957,38,humidity,2025-06-17T21:20:48,66ce60b3fb392de5096acc24
958,200,co2-concentration,2025-06-17T21:23:51,66ce60b3fb392de5096acc24
959,28,temp,2025-06-17T21:23:51,66ce60b3fb392de5096acc24
960,38,humidity,2025-06-17T21:23:51,66ce60b3fb392de5096acc24
961,200,co2-concentration,2025-06-17T21:26:54,66ce60b3fb392de5096acc24
962,28,temp,2025-06-17T21:26:54,66ce60b3fb392de5096acc24
963,38,humidity,2025-06-17T21:26:54,66ce60b3fb392de5096acc24
964,200,co2-concentration,2025-06-17T21:29:56,66ce60b3fb392de5096acc24
965,28,temp,2025-06-17T21:29:56,66ce60b3fb392de5096acc24
966,38,humidity,2025-06-17T21:29:56,66ce60b3fb392de5096acc24
967,200,co2-concentration,2025-06-17T21:32:59,66ce60b3fb392de5096acc24
968,28,temp,2025-06-17T21:32:59,66ce60b3fb392de5096acc24
969,38,humidity,2025-06-17T21:32:59,66ce60b3fb392de5096acc24
970,200,co2-concentration,2025-06-17T21:36:02,66ce60b3fb392de5096acc24
971,28,temp,2025-06-17T21:36:02,66ce60b3fb392de5096acc24
972,39,humidity,2025-06-17T21:36:02,66ce60b3fb392de5096acc24
973,200,co2-concentration,2025-06-17T21:39:04,66ce60b3fb392de5096acc24
974,28,temp,2025-06-17T21:39:04,66ce60b3fb392de5096acc24
975,39,humidity,2025-06-17T21:39:04,66ce60b3fb392de5096acc24
976,200,co2-concentration,2025-06-17T21:42:06,66ce60b3fb392de5096acc24
977,28,temp,2025-06-17T21:42:06,66ce60b3fb392de5096acc24
978,39,humidity,2025-06-17T21:42:06,66ce60b3fb392de5096acc24
979,200,co2-concentration,2025-06-17T21:45:09,66ce60b3fb392de5096acc24
980,28,temp,2025-06-17T21:45:09,66ce60b3fb392de5096acc24
981,39,humidity,2025-06-17T21:45:09,66ce60b3fb392de5096acc24
982,200,co2-concentration,2025-06-17T21:48:11,66ce60b3fb392de5096acc24
983,28,temp,2025-06-17T21:48:11,66ce60b3fb392de5096acc24
984,39,humidity,2025-06-17T21:48:11,66ce60b3fb392de5096acc24
985,200,co2-concentration,2025-06-17T21:51:14,66ce60b3fb392de5096acc24
986,28,temp,2025-06-17T21:51:14,66ce60b3fb392de5096acc24
987,39,humidity,2025-06-17T21:51:14,66ce60b3fb392de5096acc24
988,200,co2-concentration,2025-06-17T21:54:17,66ce60b3fb392de5096acc24
989,28,temp,2025-06-17T21:54:17,66ce60b3fb392de5096acc24
990,39,humidity,2025-06-17T21:54:17,66ce60b3fb392de5096acc24
991,200,co2-concentration,2025-06-17T21:57:19,66ce60b3fb392de5096acc24
992,28,temp,2025-06-17T21:57:19,66ce60b3fb392de5096acc24
993,40,humidity,2025-06-17T21:57:19,66ce60b3fb392de5096acc24
994,200,co2-concentration,2025-06-17T22:00:22,66ce60b3fb392de5096acc24
995,28,temp,2025-06-17T22:00:22,66ce60b3fb392de5096acc24
996,40,humidity,2025-06-17T22:00:22,66ce60b3fb392de5096acc24
997,200,co2-concentration,2025-06-17T22:03:25,66ce60b3fb392de5096acc24
998,28,temp,2025-06-17T22:03:25,66ce60b3fb392de5096acc24
999,40,humidity,2025-06-17T22:03:25,66ce60b3fb392de5096acc24
1000,200,co2-concentration,2025-06-17T22:06:27,66ce60b3fb392de5096acc24
1001,28,temp,2025-06-17T22:06:27,66ce60b3fb392de5096acc24
1002,40,humidity,2025-06-17T22:06:27,66ce60b3fb392de5096acc24
1003,200,co2-concentration,2025-06-17T22:09:30,66ce60b3fb392de5096acc24
1004,28,temp,2025-06-17T22:09:30,66ce60b3fb392de5096acc24
1005,40,humidity,2025-06-17T22:09:30,66ce60b3fb392de5096acc24
1006,200,co2-concentration,2025-06-17T22:12:32,66ce60b3fb392de5096acc24
1007,28,temp,2025-06-17T22:12:32,66ce60b3fb392de5096acc24
1008,40,humidity,2025-06-17T22:12:32,66ce60b3fb392de5096acc24
1009,200,co2-concentration,2025-06-17T22:15:35,66ce60b3fb392de5096acc24
1010,28,temp,2025-06-17T22:15:35,66ce60b3fb392de5096acc24
1011,40,humidity,2025-06-17T22:15:35,66ce60b3fb392de5096acc24
1012,200,co2-concentration,2025-06-17T22:18:38,66ce60b3fb392de5096acc24
1013,28,temp,2025-06-17T22:18:38,66ce60b3fb392de5096acc24
1014,40,humidity,2025-06-17T22:18:38,66ce60b3fb392de5096acc24
1015,200,co2-concentration,2025-06-17T22:21:40,66ce60b3fb392de5096acc24
1016,28,temp,2025-06-17T22:21:40,66ce60b3fb392de5096acc24
1017,41,humidity,2025-06-17T22:21:40,66ce60b3fb392de5096acc24
1018,200,co2-concentration,2025-06-17T22:24:43,66ce60b3fb392de5096acc24
1019,28,temp,2025-06-17T22:24:43,66ce60b3fb392de5096acc24
1020,41,humidity,2025-06-17T22:24:43,66ce60b3fb392de5096acc24
1021,200,co2-concentration,2025-06-17T22:27:46,66ce60b3fb392de5096acc24
1022,28,temp,2025-06-17T22:27:46,66ce60b3fb392de5096acc24
1023,41,humidity,2025-06-17T22:27:46,66ce60b3fb392de5096acc24
1024,200,co2-concentration,2025-06-17T22:30:48,66ce60b3fb392de5096acc24
1025,28,temp,2025-06-17T22:30:48,66ce60b3fb392de5096acc24
1026,41,humidity,2025-06-17T22:30:48,66ce60b3fb392de5096acc24
1027,200,co2-concentration,2025-06-17T22:33:51,66ce60b3fb392de5096acc24
1028,28,temp,2025-06-17T22:33:51,66ce60b3fb392de5096acc24
1029,41,humidity,2025-06-17T22:33:51,66ce60b3fb392de5096acc24
1030,200,co2-concentration,2025-06-17T22:36:53,66ce60b3fb392de5096acc24
1031,28,temp,2025-06-17T22:36:53,66ce60b3fb392de5096acc24
1032,41,humidity,2025-06-17T22:36:53,66ce60b3fb392de5096acc24
1033,200,co2-concentration,2025-06-17T22:39:56,66ce60b3fb392de5096acc24
1034,28,temp,2025-06-17T22:39:56,66ce60b3fb392de5096acc24
1035,41,humidity,2025-06-17T22:39:56,66ce60b3fb392de5096acc24
1036,200,co2-concentration,2025-06-17T22:42:59,66ce60b3fb392de5096acc24
1037,28,temp,2025-06-17T22:42:59,66ce60b3fb392de5096acc24
1038,41,humidity,2025-06-17T22:42:59,66ce60b3fb392de5096acc24
1039,200,co2-concentration,2025-06-17T22:46:01,66ce60b3fb392de5096acc24
1040,28,temp,2025-06-17T22:46:01,66ce60b3fb392de5096acc24
1041,41,humidity,2025-06-17T22:46:01,66ce60b3fb392de5096acc24
1042,200,co2-concentration,2025-06-17T22:49:04,66ce60b3fb392de5096acc24
1043,28,temp,2025-06-17T22:49:04,66ce60b3fb392de5096acc24
1044,41,humidity,2025-06-17T22:49:04,66ce60b3fb392de5096acc24
1045,200,co2-concentration,2025-06-17T22:52:06,66ce60b3fb392de5096acc24
1046,28,temp,2025-06-17T22:52:06,66ce60b3fb392de5096acc24
1047,42,humidity,2025-06-17T22:52:06,66ce60b3fb392de5096acc24
1048,200,co2-concentration,2025-06-17T22:55:09,66ce60b3fb392de5096acc24
1049,28,temp,2025-06-17T22:55:09,66ce60b3fb392de5096acc24
1050,42,humidity,2025-06-17T22:55:09,66ce60b3fb392de5096acc24
1051,200,co2-concentration,2025-06-17T22:58:12,66ce60b3fb392de5096acc24
1052,28,temp,2025-06-17T22:58:12,66ce60b3fb392de5096acc24
1053,42,humidity,2025-06-17T22:58:12,66ce60b3fb392de5096acc24
1054,200,co2-concentration,2025-06-17T23:01:14,66ce60b3fb392de5096acc24
1055,28,temp,2025-06-17T23:01:14,66ce60b3fb392de5096acc24
1056,42,humidity,2025-06-17T23:01:14,66ce60b3fb392de5096acc24
1057,200,co2-concentration,2025-06-17T23:04:17,66ce60b3fb392de5096acc24
1058,28,temp,2025-06-17T23:04:17,66ce60b3fb392de5096acc24
1059,42,humidity,2025-06-17T23:04:17,66ce60b3fb392de5096acc24
1060,200,co2-concentration,2025-06-17T23:07:19,66ce60b3fb392de5096acc24
1061,28,temp,2025-06-17T23:07:19,66ce60b3fb392de5096acc24
1062,42,humidity,2025-06-17T23:07:19,66ce60b3fb392de5096acc24
1063,200,co2-concentration,2025-06-17T23:10:22,66ce60b3fb392de5096acc24
1064,28,temp,2025-06-17T23:10:22,66ce60b3fb392de5096acc24
1065,42,humidity,2025-06-17T23:10:22,66ce60b3fb392de5096acc24
1066,200,co2-concentration,2025-06-17T23:13:24,66ce60b3fb392de5096acc24
1067,28,temp,2025-06-17T23:13:24,66ce60b3fb392de5096acc24
1068,42,humidity,2025-06-17T23:13:24,66ce60b3fb392de5096acc24
1069,200,co2-concentration,2025-06-17T23:16:27,66ce60b3fb392de5096acc24
1070,28,temp,2025-06-17T23:16:27,66ce60b3fb392de5096acc24
1071,42,humidity,2025-06-17T23:16:27,66ce60b3fb392de5096acc24
1072,200,co2-concentration,2025-06-17T23:19:29,66ce60b3fb392de5096acc24
1073,28,temp,2025-06-17T23:19:29,66ce60b3fb392de5096acc24
1074,42,humidity,2025-06-17T23:19:29,66ce60b3fb392de5096acc24
1075,200,co2-concentration,2025-06-17T23:22:32,66ce60b3fb392de5096acc24
1076,28,temp,2025-06-17T23:22:32,66ce60b3fb392de5096acc24
1077,43,humidity,2025-06-17T23:22:32,66ce60b3fb392de5096acc24
1078,200,co2-concentration,2025-06-17T23:25:35,66ce60b3fb392de5096acc24
1079,28,temp,2025-06-17T23:25:35,66ce60b3fb392de5096acc24
1080,43,humidity,2025-06-17T23:25:35,66ce60b3fb392de5096acc24
1081,200,co2-concentration,2025-06-17T23:28:37,66ce60b3fb392de5096acc24
1082,28,temp,2025-06-17T23:28:37,66ce60b3fb392de5096acc24
1083,43,humidity,2025-06-17T23:28:37,66ce60b3fb392de5096acc24
1084,200,co2-concentration,2025-06-17T23:31:40,66ce60b3fb392de5096acc24
1085,28,temp,2025-06-17T23:31:40,66ce60b3fb392de5096acc24
1086,43,humidity,2025-06-17T23:31:40,66ce60b3fb392de5096acc24
1087,200,co2-concentration,2025-06-17T23:34:42,66ce60b3fb392de5096acc24
1088,28,temp,2025-06-17T23:34:42,66ce60b3fb392de5096acc24
1089,43,humidity,2025-06-17T23:34:42,66ce60b3fb392de5096acc24
1090,200,co2-concentration,2025-06-17T23:37:45,66ce60b3fb392de5096acc24
1091,28,temp,2025-06-17T23:37:45,66ce60b3fb392de5096acc24
1092,43,humidity,2025-06-17T23:37:45,66ce60b3fb392de5096acc24
1093,200,co2-concentration,2025-06-17T23:40:48,66ce60b3fb392de5096acc24
1094,29,temp,2025-06-17T23:40:48,66ce60b3fb392de5096acc24
1095,43,humidity,2025-06-17T23:40:48,66ce60b3fb392de5096acc24
1096,200,co2-concentration,2025-06-17T23:43:50,66ce60b3fb392de5096acc24
1097,28,temp,2025-06-17T23:43:50,66ce60b3fb392de5096acc24
1098,43,humidity,2025-06-17T23:43:50,66ce60b3fb392de5096acc24
1099,200,co2-concentration,2025-06-17T23:46:53,66ce60b3fb392de5096acc24
1100,29,temp,2025-06-17T23:46:53,66ce60b3fb392de5096acc24
1101,43,humidity,2025-06-17T23:46:53,66ce60b3fb392de5096acc24
1102,200,co2-concentration,2025-06-17T23:49:56,66ce60b3fb392de5096acc24
1103,28,temp,2025-06-17T23:49:56,66ce60b3fb392de5096acc24
1104,44,humidity,2025-06-17T23:49:56,66ce60b3fb392de5096acc24
1105,200,co2-concentration,2025-06-17T23:52:58,66ce60b3fb392de5096acc24
1106,28,temp,2025-06-17T23:52:58,66ce60b3fb392de5096acc24
1107,44,humidity,2025-06-17T23:52:58,66ce60b3fb392de5096acc24
1108,200,co2-concentration,2025-06-17T23:56:01,66ce60b3fb392de5096acc24
1109,28,temp,2025-06-17T23:56:01,66ce60b3fb392de5096acc24
1110,44,humidity,2025-06-17T23:56:01,66ce60b3fb392de5096acc24
1111,200,co2-concentration,2025-06-17T23:59:04,66ce60b3fb392de5096acc24
1112,28,temp,2025-06-17T23:59:04,66ce60b3fb392de5096acc24
1113,44,humidity,2025-06-17T23:59:04,66ce60b3fb392de5096acc24
1114,200,co2-concentration,2025-06-18T00:02:06,66ce60b3fb392de5096acc24
1115,29,temp,2025-06-18T00:02:06,66ce60b3fb392de5096acc24
1116,45,humidity,2025-06-18T00:02:06,66ce60b3fb392de5096acc24
1117,200,co2-concentration,2025-06-18T00:05:09,66ce60b3fb392de5096acc24
1118,28,temp,2025-06-18T00:05:09,66ce60b3fb392de5096acc24
1119,45,humidity,2025-06-18T00:05:09,66ce60b3fb392de5096acc24
1120,200,co2-concentration,2025-06-18T00:08:12,66ce60b3fb392de5096acc24
1121,28,temp,2025-06-18T00:08:12,66ce60b3fb392de5096acc24
1122,45,humidity,2025-06-18T00:08:12,66ce60b3fb392de5096acc24
1123,200,co2-concentration,2025-06-18T00:11:15,66ce60b3fb392de5096acc24
1124,29,temp,2025-06-18T00:11:15,66ce60b3fb392de5096acc24
1125,45,humidity,2025-06-18T00:11:15,66ce60b3fb392de5096acc24
1126,200,co2-concentration,2025-06-18T00:14:17,66ce60b3fb392de5096acc24
1127,29,temp,2025-06-18T00:14:17,66ce60b3fb392de5096acc24
1128,45,humidity,2025-06-18T00:14:17,66ce60b3fb392de5096acc24
1129,200,co2-concentration,2025-06-18T00:17:20,66ce60b3fb392de5096acc24
1130,29,temp,2025-06-18T00:17:20,66ce60b3fb392de5096acc24
1131,46,humidity,2025-06-18T00:17:20,66ce60b3fb392de5096acc24
1132,200,co2-concentration,2025-06-18T00:20:23,66ce60b3fb392de5096acc24
1133,28,temp,2025-06-18T00:20:23,66ce60b3fb392de5096acc24
1134,46,humidity,2025-06-18T00:20:23,66ce60b3fb392de5096acc24
1135,200,co2-concentration,2025-06-18T00:23:25,66ce60b3fb392de5096acc24
1136,29,temp,2025-06-18T00:23:25,66ce60b3fb392de5096acc24
1137,46,humidity,2025-06-18T00:23:25,66ce60b3fb392de5096acc24
1138,200,co2-concentration,2025-06-18T00:26:28,66ce60b3fb392de5096acc24
1139,29,temp,2025-06-18T00:26:28,66ce60b3fb392de5096acc24
1140,46,humidity,2025-06-18T00:26:28,66ce60b3fb392de5096acc24
1141,200,co2-concentration,2025-06-18T00:29:30,66ce60b3fb392de5096acc24
1142,29,temp,2025-06-18T00:29:30,66ce60b3fb392de5096acc24
1143,46,humidity,2025-06-18T00:29:30,66ce60b3fb392de5096acc24
1144,200,co2-concentration,2025-06-18T00:32:32,66ce60b3fb392de5096acc24
1145,28,temp,2025-06-18T00:32:32,66ce60b3fb392de5096acc24
1146,47,humidity,2025-06-18T00:32:32,66ce60b3fb392de5096acc24
1147,200,co2-concentration,2025-06-18T00:35:35,66ce60b3fb392de5096acc24
1148,29,temp,2025-06-18T00:35:35,66ce60b3fb392de5096acc24
1149,47,humidity,2025-06-18T00:35:35,66ce60b3fb392de5096acc24
1150,200,co2-concentration,2025-06-18T00:38:37,66ce60b3fb392de5096acc24
1151,29,temp,2025-06-18T00:38:37,66ce60b3fb392de5096acc24
1152,47,humidity,2025-06-18T00:38:37,66ce60b3fb392de5096acc24
1153,200,co2-concentration,2025-06-18T00:41:40,66ce60b3fb392de5096acc24
1154,29,temp,2025-06-18T00:41:40,66ce60b3fb392de5096acc24
1155,47,humidity,2025-06-18T00:41:40,66ce60b3fb392de5096acc24
1156,200,co2-concentration,2025-06-18T00:44:43,66ce60b3fb392de5096acc24
1157,29,temp,2025-06-18T00:44:43,66ce60b3fb392de5096acc24
1158,47,humidity,2025-06-18T00:44:43,66ce60b3fb392de5096acc24
1159,200,co2-concentration,2025-06-18T00:47:46,66ce60b3fb392de5096acc24
1160,29,temp,2025-06-18T00:47:46,66ce60b3fb392de5096acc24
1161,47,humidity,2025-06-18T00:47:46,66ce60b3fb392de5096acc24
1162,200,co2-concentration,2025-06-18T00:50:48,66ce60b3fb392de5096acc24
1163,28,temp,2025-06-18T00:50:48,66ce60b3fb392de5096acc24
1164,47,humidity,2025-06-18T00:50:48,66ce60b3fb392de5096acc24
1165,200,co2-concentration,2025-06-18T00:53:50,66ce60b3fb392de5096acc24
1166,29,temp,2025-06-18T00:53:50,66ce60b3fb392de5096acc24
1167,47,humidity,2025-06-18T00:53:50,66ce60b3fb392de5096acc24
1168,200,co2-concentration,2025-06-18T00:56:53,66ce60b3fb392de5096acc24
1169,29,temp,2025-06-18T00:56:53,66ce60b3fb392de5096acc24
1170,47,humidity,2025-06-18T00:56:53,66ce60b3fb392de5096acc24
1171,200,co2-concentration,2025-06-18T00:59:56,66ce60b3fb392de5096acc24
1172,29,temp,2025-06-18T00:59:56,66ce60b3fb392de5096acc24
1173,47,humidity,2025-06-18T00:59:56,66ce60b3fb392de5096acc24
1174,200,co2-concentration,2025-06-18T01:02:59,66ce60b3fb392de5096acc24
1175,29,temp,2025-06-18T01:02:59,66ce60b3fb392de5096acc24
1176,47,humidity,2025-06-18T01:02:59,66ce60b3fb392de5096acc24
1177,200,co2-concentration,2025-06-18T01:06:01,66ce60b3fb392de5096acc24
1178,29,temp,2025-06-18T01:06:01,66ce60b3fb392de5096acc24
1179,48,humidity,2025-06-18T01:06:01,66ce60b3fb392de5096acc24
1180,200,co2-concentration,2025-06-18T01:09:04,66ce60b3fb392de5096acc24
1181,29,temp,2025-06-18T01:09:04,66ce60b3fb392de5096acc24
1182,48,humidity,2025-06-18T01:09:04,66ce60b3fb392de5096acc24
1183,200,co2-concentration,2025-06-18T01:12:06,66ce60b3fb392de5096acc24
1184,29,temp,2025-06-18T01:12:06,66ce60b3fb392de5096acc24
1185,48,humidity,2025-06-18T01:12:06,66ce60b3fb392de5096acc24
1186,200,co2-concentration,2025-06-18T01:15:09,66ce60b3fb392de5096acc24
1187,28,temp,2025-06-18T01:15:09,66ce60b3fb392de5096acc24
1188,48,humidity,2025-06-18T01:15:09,66ce60b3fb392de5096acc24
1189,200,co2-concentration,2025-06-18T01:18:12,66ce60b3fb392de5096acc24
1190,28,temp,2025-06-18T01:18:12,66ce60b3fb392de5096acc24
1191,48,humidity,2025-06-18T01:18:12,66ce60b3fb392de5096acc24
1192,200,co2-concentration,2025-06-18T01:21:14,66ce60b3fb392de5096acc24
1193,29,temp,2025-06-18T01:21:14,66ce60b3fb392de5096acc24
1194,48,humidity,2025-06-18T01:21:14,66ce60b3fb392de5096acc24
1195,200,co2-concentration,2025-06-18T01:24:17,66ce60b3fb392de5096acc24
1196,29,temp,2025-06-18T01:24:17,66ce60b3fb392de5096acc24
1197,48,humidity,2025-06-18T01:24:17,66ce60b3fb392de5096acc24
1198,200,co2-concentration,2025-06-18T01:27:20,66ce60b3fb392de5096acc24
1199,29,temp,2025-06-18T01:27:20,66ce60b3fb392de5096acc24
1200,48,humidity,2025-06-18T01:27:20,66ce60b3fb392de5096acc24
1201,200,co2-concentration,2025-06-18T01:30:22,66ce60b3fb392de5096acc24
1202,29,temp,2025-06-18T01:30:22,66ce60b3fb392de5096acc24
1203,48,humidity,2025-06-18T01:30:22,66ce60b3fb392de5096acc24
1204,200,co2-concentration,2025-06-18T01:33:25,66ce60b3fb392de5096acc24
1205,29,temp,2025-06-18T01:33:25,66ce60b3fb392de5096acc24
1206,48,humidity,2025-06-18T01:33:25,66ce60b3fb392de5096acc24
1207,200,co2-concentration,2025-06-18T01:36:27,66ce60b3fb392de5096acc24
1208,28,temp,2025-06-18T01:36:27,66ce60b3fb392de5096acc24
1209,48,humidity,2025-06-18T01:36:27,66ce60b3fb392de5096acc24
1210,200,co2-concentration,2025-06-18T01:39:30,66ce60b3fb392de5096acc24
1211,28,temp,2025-06-18T01:39:30,66ce60b3fb392de5096acc24
1212,48,humidity,2025-06-18T01:39:30,66ce60b3fb392de5096acc24
1213,200,co2-concentration,2025-06-18T01:42:32,66ce60b3fb392de5096acc24
1214,29,temp,2025-06-18T01:42:32,66ce60b3fb392de5096acc24
1215,48,humidity,2025-06-18T01:42:32,66ce60b3fb392de5096acc24
1216,200,co2-concentration,2025-06-18T01:45:35,66ce60b3fb392de5096acc24
1217,29,temp,2025-06-18T01:45:35,66ce60b3fb392de5096acc24
1218,48,humidity,2025-06-18T01:45:35,66ce60b3fb392de5096acc24
1219,200,co2-concentration,2025-06-18T01:48:38,66ce60b3fb392de5096acc24
1220,29,temp,2025-06-18T01:48:38,66ce60b3fb392de5096acc24
1221,48,humidity,2025-06-18T01:48:38,66ce60b3fb392de5096acc24
1222,200,co2-concentration,2025-06-18T01:51:40,66ce60b3fb392de5096acc24
1223,29,temp,2025-06-18T01:51:40,66ce60b3fb392de5096acc24
1224,48,humidity,2025-06-18T01:51:40,66ce60b3fb392de5096acc24
1225,200,co2-concentration,2025-06-18T01:54:43,66ce60b3fb392de5096acc24
1226,29,temp,2025-06-18T01:54:43,66ce60b3fb392de5096acc24
1227,48,humidity,2025-06-18T01:54:43,66ce60b3fb392de5096acc24
1228,200,co2-concentration,2025-06-18T01:57:45,66ce60b3fb392de5096acc24
1229,29,temp,2025-06-18T01:57:45,66ce60b3fb392de5096acc24
1230,48,humidity,2025-06-18T01:57:45,66ce60b3fb392de5096acc24
1231,200,co2-concentration,2025-06-18T02:00:48,66ce60b3fb392de5096acc24
1232,29,temp,2025-06-18T02:00:48,66ce60b3fb392de5096acc24
1233,49,humidity,2025-06-18T02:00:48,66ce60b3fb392de5096acc24
1234,200,co2-concentration,2025-06-18T02:03:50,66ce60b3fb392de5096acc24
1235,29,temp,2025-06-18T02:03:50,66ce60b3fb392de5096acc24
1236,49,humidity,2025-06-18T02:03:50,66ce60b3fb392de5096acc24
1237,200,co2-concentration,2025-06-18T02:06:53,66ce60b3fb392de5096acc24
1238,29,temp,2025-06-18T02:06:53,66ce60b3fb392de5096acc24
1239,49,humidity,2025-06-18T02:06:53,66ce60b3fb392de5096acc24
1240,200,co2-concentration,2025-06-18T02:09:55,66ce60b3fb392de5096acc24
1241,29,temp,2025-06-18T02:09:55,66ce60b3fb392de5096acc24
1242,49,humidity,2025-06-18T02:09:55,66ce60b3fb392de5096acc24
1243,200,co2-concentration,2025-06-18T02:12:58,66ce60b3fb392de5096acc24
1244,29,temp,2025-06-18T02:12:58,66ce60b3fb392de5096acc24
1245,49,humidity,2025-06-18T02:12:58,66ce60b3fb392de5096acc24
1246,200,co2-concentration,2025-06-18T02:16:01,66ce60b3fb392de5096acc24
1247,29,temp,2025-06-18T02:16:01,66ce60b3fb392de5096acc24
1248,49,humidity,2025-06-18T02:16:01,66ce60b3fb392de5096acc24
1249,200,co2-concentration,2025-06-18T02:19:03,66ce60b3fb392de5096acc24
1250,29,temp,2025-06-18T02:19:03,66ce60b3fb392de5096acc24
1251,49,humidity,2025-06-18T02:19:03,66ce60b3fb392de5096acc24
1252,200,co2-concentration,2025-06-18T02:22:06,66ce60b3fb392de5096acc24
1253,29,temp,2025-06-18T02:22:06,66ce60b3fb392de5096acc24
1254,49,humidity,2025-06-18T02:22:06,66ce60b3fb392de5096acc24
1255,200,co2-concentration,2025-06-18T02:25:08,66ce60b3fb392de5096acc24
1256,29,temp,2025-06-18T02:25:08,66ce60b3fb392de5096acc24
1257,49,humidity,2025-06-18T02:25:08,66ce60b3fb392de5096acc24
1258,200,co2-concentration,2025-06-18T02:28:11,66ce60b3fb392de5096acc24
1259,29,temp,2025-06-18T02:28:11,66ce60b3fb392de5096acc24
1260,49,humidity,2025-06-18T02:28:11,66ce60b3fb392de5096acc24
1261,200,co2-concentration,2025-06-18T02:31:14,66ce60b3fb392de5096acc24
1262,29,temp,2025-06-18T02:31:14,66ce60b3fb392de5096acc24
1263,49,humidity,2025-06-18T02:31:14,66ce60b3fb392de5096acc24
1264,200,co2-concentration,2025-06-18T02:34:16,66ce60b3fb392de5096acc24
1265,29,temp,2025-06-18T02:34:16,66ce60b3fb392de5096acc24
1266,49,humidity,2025-06-18T02:34:16,66ce60b3fb392de5096acc24
1267,200,co2-concentration,2025-06-18T02:37:19,66ce60b3fb392de5096acc24
1268,29,temp,2025-06-18T02:37:19,66ce60b3fb392de5096acc24
1269,49,humidity,2025-06-18T02:37:19,66ce60b3fb392de5096acc24
1270,200,co2-concentration,2025-06-18T02:40:21,66ce60b3fb392de5096acc24
1271,29,temp,2025-06-18T02:40:21,66ce60b3fb392de5096acc24
1272,49,humidity,2025-06-18T02:40:21,66ce60b3fb392de5096acc24
1273,200,co2-concentration,2025-06-18T02:43:24,66ce60b3fb392de5096acc24
1274,29,temp,2025-06-18T02:43:24,66ce60b3fb392de5096acc24
1275,50,humidity,2025-06-18T02:43:24,66ce60b3fb392de5096acc24
1276,200,co2-concentration,2025-06-18T02:46:26,66ce60b3fb392de5096acc24
1277,29,temp,2025-06-18T02:46:26,66ce60b3fb392de5096acc24
1278,50,humidity,2025-06-18T02:46:26,66ce60b3fb392de5096acc24
1279,200,co2-concentration,2025-06-18T02:49:29,66ce60b3fb392de5096acc24
1280,29,temp,2025-06-18T02:49:29,66ce60b3fb392de5096acc24
1281,50,humidity,2025-06-18T02:49:29,66ce60b3fb392de5096acc24
1282,200,co2-concentration,2025-06-18T02:52:32,66ce60b3fb392de5096acc24
1283,29,temp,2025-06-18T02:52:32,66ce60b3fb392de5096acc24
1284,50,humidity,2025-06-18T02:52:32,66ce60b3fb392de5096acc24
1285,200,co2-concentration,2025-06-18T02:55:34,66ce60b3fb392de5096acc24
1286,29,temp,2025-06-18T02:55:34,66ce60b3fb392de5096acc24
1287,50,humidity,2025-06-18T02:55:34,66ce60b3fb392de5096acc24
1288,200,co2-concentration,2025-06-18T02:58:36,66ce60b3fb392de5096acc24
1289,29,temp,2025-06-18T02:58:36,66ce60b3fb392de5096acc24
1290,50,humidity,2025-06-18T02:58:36,66ce60b3fb392de5096acc24
1291,200,co2-concentration,2025-06-18T03:01:39,66ce60b3fb392de5096acc24
1292,29,temp,2025-06-18T03:01:39,66ce60b3fb392de5096acc24
1293,50,humidity,2025-06-18T03:01:39,66ce60b3fb392de5096acc24
1294,200,co2-concentration,2025-06-18T03:04:41,66ce60b3fb392de5096acc24
1295,29,temp,2025-06-18T03:04:41,66ce60b3fb392de5096acc24
1296,50,humidity,2025-06-18T03:04:41,66ce60b3fb392de5096acc24
1297,200,co2-concentration,2025-06-18T03:07:44,66ce60b3fb392de5096acc24
1298,29,temp,2025-06-18T03:07:44,66ce60b3fb392de5096acc24
1299,50,humidity,2025-06-18T03:07:44,66ce60b3fb392de5096acc24
1300,200,co2-concentration,2025-06-18T03:10:46,66ce60b3fb392de5096acc24
1301,29,temp,2025-06-18T03:10:46,66ce60b3fb392de5096acc24
1302,50,humidity,2025-06-18T03:10:46,66ce60b3fb392de5096acc24
1303,200,co2-concentration,2025-06-18T03:13:49,66ce60b3fb392de5096acc24
1304,29,temp,2025-06-18T03:13:49,66ce60b3fb392de5096acc24
1305,50,humidity,2025-06-18T03:13:49,66ce60b3fb392de5096acc24
1306,200,co2-concentration,2025-06-18T03:16:52,66ce60b3fb392de5096acc24
1307,29,temp,2025-06-18T03:16:52,66ce60b3fb392de5096acc24
1308,50,humidity,2025-06-18T03:16:52,66ce60b3fb392de5096acc24
1309,200,co2-concentration,2025-06-18T03:19:55,66ce60b3fb392de5096acc24
1310,29,temp,2025-06-18T03:19:55,66ce60b3fb392de5096acc24
1311,50,humidity,2025-06-18T03:19:55,66ce60b3fb392de5096acc24
1312,200,co2-concentration,2025-06-18T03:22:57,66ce60b3fb392de5096acc24
1313,29,temp,2025-06-18T03:22:57,66ce60b3fb392de5096acc24
1314,50,humidity,2025-06-18T03:22:57,66ce60b3fb392de5096acc24
1315,200,co2-concentration,2025-06-18T03:26:00,66ce60b3fb392de5096acc24
1316,29,temp,2025-06-18T03:26:00,66ce60b3fb392de5096acc24
1317,50,humidity,2025-06-18T03:26:00,66ce60b3fb392de5096acc24
1318,200,co2-concentration,2025-06-18T03:29:02,66ce60b3fb392de5096acc24
1319,29,temp,2025-06-18T03:29:02,66ce60b3fb392de5096acc24
1320,50,humidity,2025-06-18T03:29:02,66ce60b3fb392de5096acc24
1321,200,co2-concentration,2025-06-18T03:32:05,66ce60b3fb392de5096acc24
1322,29,temp,2025-06-18T03:32:05,66ce60b3fb392de5096acc24
1323,50,humidity,2025-06-18T03:32:05,66ce60b3fb392de5096acc24
1324,200,co2-concentration,2025-06-18T03:35:07,66ce60b3fb392de5096acc24
1325,29,temp,2025-06-18T03:35:07,66ce60b3fb392de5096acc24
1326,50,humidity,2025-06-18T03:35:07,66ce60b3fb392de5096acc24
1327,200,co2-concentration,2025-06-18T03:38:10,66ce60b3fb392de5096acc24
1328,29,temp,2025-06-18T03:38:10,66ce60b3fb392de5096acc24
1329,50,humidity,2025-06-18T03:38:10,66ce60b3fb392de5096acc24
1330,200,co2-concentration,2025-06-18T03:41:13,66ce60b3fb392de5096acc24
1331,29,temp,2025-06-18T03:41:13,66ce60b3fb392de5096acc24
1332,50,humidity,2025-06-18T03:41:13,66ce60b3fb392de5096acc24
1333,200,co2-concentration,2025-06-18T03:44:15,66ce60b3fb392de5096acc24
1334,29,temp,2025-06-18T03:44:15,66ce60b3fb392de5096acc24
1335,50,humidity,2025-06-18T03:44:15,66ce60b3fb392de5096acc24
1336,200,co2-concentration,2025-06-18T03:47:18,66ce60b3fb392de5096acc24
1337,29,temp,2025-06-18T03:47:18,66ce60b3fb392de5096acc24
1338,50,humidity,2025-06-18T03:47:18,66ce60b3fb392de5096acc24
1339,200,co2-concentration,2025-06-18T03:50:21,66ce60b3fb392de5096acc24
1340,29,temp,2025-06-18T03:50:21,66ce60b3fb392de5096acc24
1341,50,humidity,2025-06-18T03:50:21,66ce60b3fb392de5096acc24
1342,200,co2-concentration,2025-06-18T03:53:23,66ce60b3fb392de5096acc24
1343,29,temp,2025-06-18T03:53:23,66ce60b3fb392de5096acc24
1344,50,humidity,2025-06-18T03:53:23,66ce60b3fb392de5096acc24
1345,200,co2-concentration,2025-06-18T03:56:26,66ce60b3fb392de5096acc24
1346,29,temp,2025-06-18T03:56:26,66ce60b3fb392de5096acc24
1347,51,humidity,2025-06-18T03:56:26,66ce60b3fb392de5096acc24
1348,200,co2-concentration,2025-06-18T03:59:28,66ce60b3fb392de5096acc24
1349,29,temp,2025-06-18T03:59:28,66ce60b3fb392de5096acc24
1350,51,humidity,2025-06-18T03:59:28,66ce60b3fb392de5096acc24
1351,200,co2-concentration,2025-06-18T04:02:31,66ce60b3fb392de5096acc24
1352,29,temp,2025-06-18T04:02:31,66ce60b3fb392de5096acc24
1353,50,humidity,2025-06-18T04:02:31,66ce60b3fb392de5096acc24
1354,200,co2-concentration,2025-06-18T04:05:34,66ce60b3fb392de5096acc24
1355,29,temp,2025-06-18T04:05:34,66ce60b3fb392de5096acc24
1356,51,humidity,2025-06-18T04:05:34,66ce60b3fb392de5096acc24
1357,200,co2-concentration,2025-06-18T04:08:36,66ce60b3fb392de5096acc24
1358,29,temp,2025-06-18T04:08:36,66ce60b3fb392de5096acc24
1359,51,humidity,2025-06-18T04:08:36,66ce60b3fb392de5096acc24
1360,200,co2-concentration,2025-06-18T04:11:39,66ce60b3fb392de5096acc24
1361,29,temp,2025-06-18T04:11:39,66ce60b3fb392de5096acc24
1362,51,humidity,2025-06-18T04:11:39,66ce60b3fb392de5096acc24
1363,200,co2-concentration,2025-06-18T04:14:42,66ce60b3fb392de5096acc24
1364,29,temp,2025-06-18T04:14:42,66ce60b3fb392de5096acc24
1365,51,humidity,2025-06-18T04:14:42,66ce60b3fb392de5096acc24
1366,200,co2-concentration,2025-06-18T04:17:46,66ce60b3fb392de5096acc24
1367,29,temp,2025-06-18T04:17:46,66ce60b3fb392de5096acc24
1368,51,humidity,2025-06-18T04:17:46,66ce60b3fb392de5096acc24
1369,200,co2-concentration,2025-06-18T04:20:51,66ce60b3fb392de5096acc24
1370,29,temp,2025-06-18T04:20:51,66ce60b3fb392de5096acc24
1371,51,humidity,2025-06-18T04:20:51,66ce60b3fb392de5096acc24
1372,200,co2-concentration,2025-06-18T04:23:54,66ce60b3fb392de5096acc24
1373,29,temp,2025-06-18T04:23:54,66ce60b3fb392de5096acc24
1374,51,humidity,2025-06-18T04:23:54,66ce60b3fb392de5096acc24
1375,200,co2-concentration,2025-06-18T04:26:56,66ce60b3fb392de5096acc24
1376,29,temp,2025-06-18T04:26:56,66ce60b3fb392de5096acc24
1377,51,humidity,2025-06-18T04:26:56,66ce60b3fb392de5096acc24
1378,200,co2-concentration,2025-06-18T04:29:59,66ce60b3fb392de5096acc24
1379,29,temp,2025-06-18T04:29:59,66ce60b3fb392de5096acc24
1380,51,humidity,2025-06-18T04:29:59,66ce60b3fb392de5096acc24
1381,200,co2-concentration,2025-06-18T04:33:01,66ce60b3fb392de5096acc24
1382,29,temp,2025-06-18T04:33:01,66ce60b3fb392de5096acc24
1383,51,humidity,2025-06-18T04:33:01,66ce60b3fb392de5096acc24
1384,200,co2-concentration,2025-06-18T04:36:04,66ce60b3fb392de5096acc24
1385,29,temp,2025-06-18T04:36:04,66ce60b3fb392de5096acc24
1386,51,humidity,2025-06-18T04:36:04,66ce60b3fb392de5096acc24
1387,200,co2-concentration,2025-06-18T04:39:06,66ce60b3fb392de5096acc24
1388,29,temp,2025-06-18T04:39:06,66ce60b3fb392de5096acc24
1389,51,humidity,2025-06-18T04:39:06,66ce60b3fb392de5096acc24
1390,200,co2-concentration,2025-06-18T04:42:09,66ce60b3fb392de5096acc24
1391,29,temp,2025-06-18T04:42:09,66ce60b3fb392de5096acc24
1392,51,humidity,2025-06-18T04:42:09,66ce60b3fb392de5096acc24
1393,200,co2-concentration,2025-06-18T04:45:11,66ce60b3fb392de5096acc24
1394,29,temp,2025-06-18T04:45:11,66ce60b3fb392de5096acc24
1395,51,humidity,2025-06-18T04:45:11,66ce60b3fb392de5096acc24
1396,200,co2-concentration,2025-06-18T04:48:14,66ce60b3fb392de5096acc24
1397,29,temp,2025-06-18T04:48:14,66ce60b3fb392de5096acc24
1398,51,humidity,2025-06-18T04:48:14,66ce60b3fb392de5096acc24
1399,200,co2-concentration,2025-06-18T04:51:16,66ce60b3fb392de5096acc24
1400,29,temp,2025-06-18T04:51:16,66ce60b3fb392de5096acc24
1401,51,humidity,2025-06-18T04:51:16,66ce60b3fb392de5096acc24
1402,200,co2-concentration,2025-06-18T04:54:19,66ce60b3fb392de5096acc24
1403,29,temp,2025-06-18T04:54:19,66ce60b3fb392de5096acc24
1404,51,humidity,2025-06-18T04:54:19,66ce60b3fb392de5096acc24
1405,200,co2-concentration,2025-06-18T04:57:21,66ce60b3fb392de5096acc24
1406,29,temp,2025-06-18T04:57:21,66ce60b3fb392de5096acc24
1407,51,humidity,2025-06-18T04:57:21,66ce60b3fb392de5096acc24
