﻿S.No,data,type,sensedAt,id_sensor
1,200,co2-concentration,2025-06-17T05:00:15,66ce60a4fb392de5096acbb1
2,27,temp,2025-06-17T05:00:15,66ce60a4fb392de5096acbb1
3,58,humidity,2025-06-17T05:00:15,66ce60a4fb392de5096acbb1
4,200,co2-concentration,2025-06-17T05:03:15,66ce60a4fb392de5096acbb1
5,27,temp,2025-06-17T05:03:15,66ce60a4fb392de5096acbb1
6,58,humidity,2025-06-17T05:03:15,66ce60a4fb392de5096acbb1
7,200,co2-concentration,2025-06-17T05:06:14,66ce60a4fb392de5096acbb1
8,27,temp,2025-06-17T05:06:14,66ce60a4fb392de5096acbb1
9,58,humidity,2025-06-17T05:06:14,66ce60a4fb392de5096acbb1
10,200,co2-concentration,2025-06-17T05:09:14,66ce60a4fb392de5096acbb1
11,27,temp,2025-06-17T05:09:14,66ce60a4fb392de5096acbb1
12,58,humidity,2025-06-17T05:09:14,66ce60a4fb392de5096acbb1
13,200,co2-concentration,2025-06-17T05:12:13,66ce60a4fb392de5096acbb1
14,27,temp,2025-06-17T05:12:13,66ce60a4fb392de5096acbb1
15,58,humidity,2025-06-17T05:12:13,66ce60a4fb392de5096acbb1
16,200,co2-concentration,2025-06-17T05:15:13,66ce60a4fb392de5096acbb1
17,27,temp,2025-06-17T05:15:13,66ce60a4fb392de5096acbb1
18,58,humidity,2025-06-17T05:15:13,66ce60a4fb392de5096acbb1
19,200,co2-concentration,2025-06-17T05:18:12,66ce60a4fb392de5096acbb1
20,27,temp,2025-06-17T05:18:12,66ce60a4fb392de5096acbb1
21,58,humidity,2025-06-17T05:18:12,66ce60a4fb392de5096acbb1
22,200,co2-concentration,2025-06-17T05:21:12,66ce60a4fb392de5096acbb1
23,27,temp,2025-06-17T05:21:12,66ce60a4fb392de5096acbb1
24,58,humidity,2025-06-17T05:21:12,66ce60a4fb392de5096acbb1
25,200,co2-concentration,2025-06-17T05:24:12,66ce60a4fb392de5096acbb1
26,27,temp,2025-06-17T05:24:12,66ce60a4fb392de5096acbb1
27,58,humidity,2025-06-17T05:24:12,66ce60a4fb392de5096acbb1
28,200,co2-concentration,2025-06-17T05:27:11,66ce60a4fb392de5096acbb1
29,27,temp,2025-06-17T05:27:11,66ce60a4fb392de5096acbb1
30,58,humidity,2025-06-17T05:27:11,66ce60a4fb392de5096acbb1
31,200,co2-concentration,2025-06-17T05:30:11,66ce60a4fb392de5096acbb1
32,27,temp,2025-06-17T05:30:11,66ce60a4fb392de5096acbb1
33,58,humidity,2025-06-17T05:30:11,66ce60a4fb392de5096acbb1
34,200,co2-concentration,2025-06-17T05:33:10,66ce60a4fb392de5096acbb1
35,27,temp,2025-06-17T05:33:10,66ce60a4fb392de5096acbb1
36,58,humidity,2025-06-17T05:33:10,66ce60a4fb392de5096acbb1
37,200,co2-concentration,2025-06-17T05:36:10,66ce60a4fb392de5096acbb1
38,27,temp,2025-06-17T05:36:10,66ce60a4fb392de5096acbb1
39,58,humidity,2025-06-17T05:36:10,66ce60a4fb392de5096acbb1
40,200,co2-concentration,2025-06-17T05:39:09,66ce60a4fb392de5096acbb1
41,27,temp,2025-06-17T05:39:09,66ce60a4fb392de5096acbb1
42,58,humidity,2025-06-17T05:39:09,66ce60a4fb392de5096acbb1
43,200,co2-concentration,2025-06-17T05:42:09,66ce60a4fb392de5096acbb1
44,27,temp,2025-06-17T05:42:09,66ce60a4fb392de5096acbb1
45,58,humidity,2025-06-17T05:42:09,66ce60a4fb392de5096acbb1
46,200,co2-concentration,2025-06-17T05:45:09,66ce60a4fb392de5096acbb1
47,27,temp,2025-06-17T05:45:09,66ce60a4fb392de5096acbb1
48,58,humidity,2025-06-17T05:45:09,66ce60a4fb392de5096acbb1
49,200,co2-concentration,2025-06-17T05:48:08,66ce60a4fb392de5096acbb1
50,27,temp,2025-06-17T05:48:08,66ce60a4fb392de5096acbb1
51,58,humidity,2025-06-17T05:48:08,66ce60a4fb392de5096acbb1
52,200,co2-concentration,2025-06-17T05:51:08,66ce60a4fb392de5096acbb1
53,27,temp,2025-06-17T05:51:08,66ce60a4fb392de5096acbb1
54,58,humidity,2025-06-17T05:51:08,66ce60a4fb392de5096acbb1
55,200,co2-concentration,2025-06-17T05:54:07,66ce60a4fb392de5096acbb1
56,27,temp,2025-06-17T05:54:07,66ce60a4fb392de5096acbb1
57,58,humidity,2025-06-17T05:54:07,66ce60a4fb392de5096acbb1
58,200,co2-concentration,2025-06-17T05:57:07,66ce60a4fb392de5096acbb1
59,27,temp,2025-06-17T05:57:07,66ce60a4fb392de5096acbb1
60,58,humidity,2025-06-17T05:57:07,66ce60a4fb392de5096acbb1
61,200,co2-concentration,2025-06-17T06:00:06,66ce60a4fb392de5096acbb1
62,27,temp,2025-06-17T06:00:06,66ce60a4fb392de5096acbb1
63,58,humidity,2025-06-17T06:00:06,66ce60a4fb392de5096acbb1
64,200,co2-concentration,2025-06-17T06:03:06,66ce60a4fb392de5096acbb1
65,27,temp,2025-06-17T06:03:06,66ce60a4fb392de5096acbb1
66,58,humidity,2025-06-17T06:03:06,66ce60a4fb392de5096acbb1
67,200,co2-concentration,2025-06-17T06:06:05,66ce60a4fb392de5096acbb1
68,27,temp,2025-06-17T06:06:05,66ce60a4fb392de5096acbb1
69,58,humidity,2025-06-17T06:06:05,66ce60a4fb392de5096acbb1
70,200,co2-concentration,2025-06-17T06:09:05,66ce60a4fb392de5096acbb1
71,27,temp,2025-06-17T06:09:05,66ce60a4fb392de5096acbb1
72,58,humidity,2025-06-17T06:09:05,66ce60a4fb392de5096acbb1
73,200,co2-concentration,2025-06-17T06:12:04,66ce60a4fb392de5096acbb1
74,27,temp,2025-06-17T06:12:04,66ce60a4fb392de5096acbb1
75,58,humidity,2025-06-17T06:12:04,66ce60a4fb392de5096acbb1
76,200,co2-concentration,2025-06-17T06:15:04,66ce60a4fb392de5096acbb1
77,27,temp,2025-06-17T06:15:04,66ce60a4fb392de5096acbb1
78,58,humidity,2025-06-17T06:15:04,66ce60a4fb392de5096acbb1
79,200,co2-concentration,2025-06-17T06:18:03,66ce60a4fb392de5096acbb1
80,27,temp,2025-06-17T06:18:03,66ce60a4fb392de5096acbb1
81,58,humidity,2025-06-17T06:18:03,66ce60a4fb392de5096acbb1
82,200,co2-concentration,2025-06-17T06:21:03,66ce60a4fb392de5096acbb1
83,27,temp,2025-06-17T06:21:03,66ce60a4fb392de5096acbb1
84,58,humidity,2025-06-17T06:21:03,66ce60a4fb392de5096acbb1
85,200,co2-concentration,2025-06-17T06:24:02,66ce60a4fb392de5096acbb1
86,27,temp,2025-06-17T06:24:02,66ce60a4fb392de5096acbb1
87,58,humidity,2025-06-17T06:24:02,66ce60a4fb392de5096acbb1
88,200,co2-concentration,2025-06-17T06:27:02,66ce60a4fb392de5096acbb1
89,27,temp,2025-06-17T06:27:02,66ce60a4fb392de5096acbb1
90,58,humidity,2025-06-17T06:27:02,66ce60a4fb392de5096acbb1
91,200,co2-concentration,2025-06-17T06:30:01,66ce60a4fb392de5096acbb1
92,27,temp,2025-06-17T06:30:01,66ce60a4fb392de5096acbb1
93,58,humidity,2025-06-17T06:30:01,66ce60a4fb392de5096acbb1
94,200,co2-concentration,2025-06-17T06:33:01,66ce60a4fb392de5096acbb1
95,27,temp,2025-06-17T06:33:01,66ce60a4fb392de5096acbb1
96,58,humidity,2025-06-17T06:33:01,66ce60a4fb392de5096acbb1
97,200,co2-concentration,2025-06-17T06:36:00,66ce60a4fb392de5096acbb1
98,27,temp,2025-06-17T06:36:00,66ce60a4fb392de5096acbb1
99,58,humidity,2025-06-17T06:36:00,66ce60a4fb392de5096acbb1
100,200,co2-concentration,2025-06-17T06:39:00,66ce60a4fb392de5096acbb1
101,27,temp,2025-06-17T06:39:00,66ce60a4fb392de5096acbb1
102,58,humidity,2025-06-17T06:39:00,66ce60a4fb392de5096acbb1
103,200,co2-concentration,2025-06-17T06:41:59,66ce60a4fb392de5096acbb1
104,27,temp,2025-06-17T06:41:59,66ce60a4fb392de5096acbb1
105,58,humidity,2025-06-17T06:41:59,66ce60a4fb392de5096acbb1
106,200,co2-concentration,2025-06-17T06:44:59,66ce60a4fb392de5096acbb1
107,27,temp,2025-06-17T06:44:59,66ce60a4fb392de5096acbb1
108,58,humidity,2025-06-17T06:44:59,66ce60a4fb392de5096acbb1
109,200,co2-concentration,2025-06-17T06:47:58,66ce60a4fb392de5096acbb1
110,27,temp,2025-06-17T06:47:58,66ce60a4fb392de5096acbb1
111,58,humidity,2025-06-17T06:47:58,66ce60a4fb392de5096acbb1
112,200,co2-concentration,2025-06-17T06:50:58,66ce60a4fb392de5096acbb1
113,27,temp,2025-06-17T06:50:58,66ce60a4fb392de5096acbb1
114,58,humidity,2025-06-17T06:50:58,66ce60a4fb392de5096acbb1
115,200,co2-concentration,2025-06-17T06:53:57,66ce60a4fb392de5096acbb1
116,27,temp,2025-06-17T06:53:57,66ce60a4fb392de5096acbb1
117,58,humidity,2025-06-17T06:53:57,66ce60a4fb392de5096acbb1
118,200,co2-concentration,2025-06-17T06:56:57,66ce60a4fb392de5096acbb1
119,27,temp,2025-06-17T06:56:57,66ce60a4fb392de5096acbb1
120,58,humidity,2025-06-17T06:56:57,66ce60a4fb392de5096acbb1
121,200,co2-concentration,2025-06-17T06:59:56,66ce60a4fb392de5096acbb1
122,27,temp,2025-06-17T06:59:56,66ce60a4fb392de5096acbb1
123,58,humidity,2025-06-17T06:59:56,66ce60a4fb392de5096acbb1
124,200,co2-concentration,2025-06-17T07:02:56,66ce60a4fb392de5096acbb1
125,27,temp,2025-06-17T07:02:56,66ce60a4fb392de5096acbb1
126,58,humidity,2025-06-17T07:02:56,66ce60a4fb392de5096acbb1
127,200,co2-concentration,2025-06-17T07:05:56,66ce60a4fb392de5096acbb1
128,27,temp,2025-06-17T07:05:56,66ce60a4fb392de5096acbb1
129,58,humidity,2025-06-17T07:05:56,66ce60a4fb392de5096acbb1
130,200,co2-concentration,2025-06-17T07:08:55,66ce60a4fb392de5096acbb1
131,27,temp,2025-06-17T07:08:55,66ce60a4fb392de5096acbb1
132,58,humidity,2025-06-17T07:08:55,66ce60a4fb392de5096acbb1
133,200,co2-concentration,2025-06-17T07:11:55,66ce60a4fb392de5096acbb1
134,27,temp,2025-06-17T07:11:55,66ce60a4fb392de5096acbb1
135,58,humidity,2025-06-17T07:11:55,66ce60a4fb392de5096acbb1
136,200,co2-concentration,2025-06-17T07:14:54,66ce60a4fb392de5096acbb1
137,27,temp,2025-06-17T07:14:54,66ce60a4fb392de5096acbb1
138,58,humidity,2025-06-17T07:14:54,66ce60a4fb392de5096acbb1
139,200,co2-concentration,2025-06-17T07:17:54,66ce60a4fb392de5096acbb1
140,27,temp,2025-06-17T07:17:54,66ce60a4fb392de5096acbb1
141,58,humidity,2025-06-17T07:17:54,66ce60a4fb392de5096acbb1
142,200,co2-concentration,2025-06-17T07:20:53,66ce60a4fb392de5096acbb1
143,27,temp,2025-06-17T07:20:53,66ce60a4fb392de5096acbb1
144,58,humidity,2025-06-17T07:20:53,66ce60a4fb392de5096acbb1
145,200,co2-concentration,2025-06-17T07:23:53,66ce60a4fb392de5096acbb1
146,27,temp,2025-06-17T07:23:53,66ce60a4fb392de5096acbb1
147,59,humidity,2025-06-17T07:23:53,66ce60a4fb392de5096acbb1
148,200,co2-concentration,2025-06-17T07:26:52,66ce60a4fb392de5096acbb1
149,27,temp,2025-06-17T07:26:52,66ce60a4fb392de5096acbb1
150,59,humidity,2025-06-17T07:26:52,66ce60a4fb392de5096acbb1
151,200,co2-concentration,2025-06-17T07:29:52,66ce60a4fb392de5096acbb1
152,27,temp,2025-06-17T07:29:52,66ce60a4fb392de5096acbb1
153,59,humidity,2025-06-17T07:29:52,66ce60a4fb392de5096acbb1
154,200,co2-concentration,2025-06-17T07:32:52,66ce60a4fb392de5096acbb1
155,27,temp,2025-06-17T07:32:52,66ce60a4fb392de5096acbb1
156,59,humidity,2025-06-17T07:32:52,66ce60a4fb392de5096acbb1
157,200,co2-concentration,2025-06-17T07:35:51,66ce60a4fb392de5096acbb1
158,27,temp,2025-06-17T07:35:51,66ce60a4fb392de5096acbb1
159,59,humidity,2025-06-17T07:35:51,66ce60a4fb392de5096acbb1
160,200,co2-concentration,2025-06-17T07:38:50,66ce60a4fb392de5096acbb1
161,27,temp,2025-06-17T07:38:50,66ce60a4fb392de5096acbb1
162,59,humidity,2025-06-17T07:38:50,66ce60a4fb392de5096acbb1
163,200,co2-concentration,2025-06-17T07:41:50,66ce60a4fb392de5096acbb1
164,27,temp,2025-06-17T07:41:50,66ce60a4fb392de5096acbb1
165,59,humidity,2025-06-17T07:41:50,66ce60a4fb392de5096acbb1
166,200,co2-concentration,2025-06-17T07:44:49,66ce60a4fb392de5096acbb1
167,27,temp,2025-06-17T07:44:49,66ce60a4fb392de5096acbb1
168,59,humidity,2025-06-17T07:44:49,66ce60a4fb392de5096acbb1
169,200,co2-concentration,2025-06-17T07:47:49,66ce60a4fb392de5096acbb1
170,27,temp,2025-06-17T07:47:49,66ce60a4fb392de5096acbb1
171,59,humidity,2025-06-17T07:47:49,66ce60a4fb392de5096acbb1
172,200,co2-concentration,2025-06-17T07:50:48,66ce60a4fb392de5096acbb1
173,27,temp,2025-06-17T07:50:48,66ce60a4fb392de5096acbb1
174,59,humidity,2025-06-17T07:50:48,66ce60a4fb392de5096acbb1
175,200,co2-concentration,2025-06-17T07:53:48,66ce60a4fb392de5096acbb1
176,27,temp,2025-06-17T07:53:48,66ce60a4fb392de5096acbb1
177,59,humidity,2025-06-17T07:53:48,66ce60a4fb392de5096acbb1
178,200,co2-concentration,2025-06-17T07:56:47,66ce60a4fb392de5096acbb1
179,27,temp,2025-06-17T07:56:47,66ce60a4fb392de5096acbb1
180,59,humidity,2025-06-17T07:56:47,66ce60a4fb392de5096acbb1
181,200,co2-concentration,2025-06-17T07:59:47,66ce60a4fb392de5096acbb1
182,27,temp,2025-06-17T07:59:47,66ce60a4fb392de5096acbb1
183,59,humidity,2025-06-17T07:59:47,66ce60a4fb392de5096acbb1
184,200,co2-concentration,2025-06-17T08:02:47,66ce60a4fb392de5096acbb1
185,27,temp,2025-06-17T08:02:47,66ce60a4fb392de5096acbb1
186,59,humidity,2025-06-17T08:02:47,66ce60a4fb392de5096acbb1
187,200,co2-concentration,2025-06-17T08:05:46,66ce60a4fb392de5096acbb1
188,27,temp,2025-06-17T08:05:46,66ce60a4fb392de5096acbb1
189,59,humidity,2025-06-17T08:05:46,66ce60a4fb392de5096acbb1
190,200,co2-concentration,2025-06-17T08:08:46,66ce60a4fb392de5096acbb1
191,27,temp,2025-06-17T08:08:46,66ce60a4fb392de5096acbb1
192,59,humidity,2025-06-17T08:08:46,66ce60a4fb392de5096acbb1
193,200,co2-concentration,2025-06-17T08:11:45,66ce60a4fb392de5096acbb1
194,27,temp,2025-06-17T08:11:45,66ce60a4fb392de5096acbb1
195,59,humidity,2025-06-17T08:11:45,66ce60a4fb392de5096acbb1
196,200,co2-concentration,2025-06-17T08:14:45,66ce60a4fb392de5096acbb1
197,27,temp,2025-06-17T08:14:45,66ce60a4fb392de5096acbb1
198,59,humidity,2025-06-17T08:14:45,66ce60a4fb392de5096acbb1
199,200,co2-concentration,2025-06-17T08:17:44,66ce60a4fb392de5096acbb1
200,27,temp,2025-06-17T08:17:44,66ce60a4fb392de5096acbb1
201,59,humidity,2025-06-17T08:17:44,66ce60a4fb392de5096acbb1
202,200,co2-concentration,2025-06-17T08:20:44,66ce60a4fb392de5096acbb1
203,27,temp,2025-06-17T08:20:44,66ce60a4fb392de5096acbb1
204,59,humidity,2025-06-17T08:20:44,66ce60a4fb392de5096acbb1
205,200,co2-concentration,2025-06-17T08:23:43,66ce60a4fb392de5096acbb1
206,27,temp,2025-06-17T08:23:43,66ce60a4fb392de5096acbb1
207,59,humidity,2025-06-17T08:23:43,66ce60a4fb392de5096acbb1
208,200,co2-concentration,2025-06-17T08:26:43,66ce60a4fb392de5096acbb1
209,27,temp,2025-06-17T08:26:43,66ce60a4fb392de5096acbb1
210,59,humidity,2025-06-17T08:26:43,66ce60a4fb392de5096acbb1
211,200,co2-concentration,2025-06-17T08:29:44,66ce60a4fb392de5096acbb1
212,27,temp,2025-06-17T08:29:44,66ce60a4fb392de5096acbb1
213,59,humidity,2025-06-17T08:29:44,66ce60a4fb392de5096acbb1
214,200,co2-concentration,2025-06-17T08:32:43,66ce60a4fb392de5096acbb1
215,27,temp,2025-06-17T08:32:43,66ce60a4fb392de5096acbb1
216,59,humidity,2025-06-17T08:32:43,66ce60a4fb392de5096acbb1
217,200,co2-concentration,2025-06-17T08:35:43,66ce60a4fb392de5096acbb1
218,27,temp,2025-06-17T08:35:43,66ce60a4fb392de5096acbb1
219,59,humidity,2025-06-17T08:35:43,66ce60a4fb392de5096acbb1
220,200,co2-concentration,2025-06-17T08:38:42,66ce60a4fb392de5096acbb1
221,27,temp,2025-06-17T08:38:42,66ce60a4fb392de5096acbb1
222,59,humidity,2025-06-17T08:38:42,66ce60a4fb392de5096acbb1
223,200,co2-concentration,2025-06-17T08:41:42,66ce60a4fb392de5096acbb1
224,27,temp,2025-06-17T08:41:42,66ce60a4fb392de5096acbb1
225,59,humidity,2025-06-17T08:41:42,66ce60a4fb392de5096acbb1
226,200,co2-concentration,2025-06-17T08:44:41,66ce60a4fb392de5096acbb1
227,27,temp,2025-06-17T08:44:41,66ce60a4fb392de5096acbb1
228,59,humidity,2025-06-17T08:44:41,66ce60a4fb392de5096acbb1
229,200,co2-concentration,2025-06-17T08:47:41,66ce60a4fb392de5096acbb1
230,27,temp,2025-06-17T08:47:41,66ce60a4fb392de5096acbb1
231,59,humidity,2025-06-17T08:47:41,66ce60a4fb392de5096acbb1
232,200,co2-concentration,2025-06-17T08:50:40,66ce60a4fb392de5096acbb1
233,27,temp,2025-06-17T08:50:40,66ce60a4fb392de5096acbb1
234,59,humidity,2025-06-17T08:50:40,66ce60a4fb392de5096acbb1
235,200,co2-concentration,2025-06-17T08:53:40,66ce60a4fb392de5096acbb1
236,27,temp,2025-06-17T08:53:40,66ce60a4fb392de5096acbb1
237,59,humidity,2025-06-17T08:53:40,66ce60a4fb392de5096acbb1
238,200,co2-concentration,2025-06-17T08:56:39,66ce60a4fb392de5096acbb1
239,27,temp,2025-06-17T08:56:39,66ce60a4fb392de5096acbb1
240,59,humidity,2025-06-17T08:56:39,66ce60a4fb392de5096acbb1
241,200,co2-concentration,2025-06-17T08:59:39,66ce60a4fb392de5096acbb1
242,27,temp,2025-06-17T08:59:39,66ce60a4fb392de5096acbb1
243,59,humidity,2025-06-17T08:59:39,66ce60a4fb392de5096acbb1
244,200,co2-concentration,2025-06-17T09:02:39,66ce60a4fb392de5096acbb1
245,27,temp,2025-06-17T09:02:39,66ce60a4fb392de5096acbb1
246,59,humidity,2025-06-17T09:02:39,66ce60a4fb392de5096acbb1
247,200,co2-concentration,2025-06-17T09:05:38,66ce60a4fb392de5096acbb1
248,27,temp,2025-06-17T09:05:38,66ce60a4fb392de5096acbb1
249,59,humidity,2025-06-17T09:05:38,66ce60a4fb392de5096acbb1
250,200,co2-concentration,2025-06-17T09:08:38,66ce60a4fb392de5096acbb1
251,27,temp,2025-06-17T09:08:38,66ce60a4fb392de5096acbb1
252,59,humidity,2025-06-17T09:08:38,66ce60a4fb392de5096acbb1
253,200,co2-concentration,2025-06-17T09:11:37,66ce60a4fb392de5096acbb1
254,27,temp,2025-06-17T09:11:37,66ce60a4fb392de5096acbb1
255,59,humidity,2025-06-17T09:11:37,66ce60a4fb392de5096acbb1
256,200,co2-concentration,2025-06-17T09:14:37,66ce60a4fb392de5096acbb1
257,27,temp,2025-06-17T09:14:37,66ce60a4fb392de5096acbb1
258,59,humidity,2025-06-17T09:14:37,66ce60a4fb392de5096acbb1
259,200,co2-concentration,2025-06-17T09:17:36,66ce60a4fb392de5096acbb1
260,27,temp,2025-06-17T09:17:36,66ce60a4fb392de5096acbb1
261,59,humidity,2025-06-17T09:17:36,66ce60a4fb392de5096acbb1
262,200,co2-concentration,2025-06-17T09:20:36,66ce60a4fb392de5096acbb1
263,27,temp,2025-06-17T09:20:36,66ce60a4fb392de5096acbb1
264,59,humidity,2025-06-17T09:20:36,66ce60a4fb392de5096acbb1
265,200,co2-concentration,2025-06-17T09:23:35,66ce60a4fb392de5096acbb1
266,27,temp,2025-06-17T09:23:35,66ce60a4fb392de5096acbb1
267,59,humidity,2025-06-17T09:23:35,66ce60a4fb392de5096acbb1
268,200,co2-concentration,2025-06-17T09:26:35,66ce60a4fb392de5096acbb1
269,27,temp,2025-06-17T09:26:35,66ce60a4fb392de5096acbb1
270,59,humidity,2025-06-17T09:26:35,66ce60a4fb392de5096acbb1
271,200,co2-concentration,2025-06-17T09:29:34,66ce60a4fb392de5096acbb1
272,27,temp,2025-06-17T09:29:34,66ce60a4fb392de5096acbb1
273,59,humidity,2025-06-17T09:29:34,66ce60a4fb392de5096acbb1
274,200,co2-concentration,2025-06-17T09:32:34,66ce60a4fb392de5096acbb1
275,27,temp,2025-06-17T09:32:34,66ce60a4fb392de5096acbb1
276,59,humidity,2025-06-17T09:32:34,66ce60a4fb392de5096acbb1
277,200,co2-concentration,2025-06-17T09:35:33,66ce60a4fb392de5096acbb1
278,27,temp,2025-06-17T09:35:33,66ce60a4fb392de5096acbb1
279,59,humidity,2025-06-17T09:35:33,66ce60a4fb392de5096acbb1
280,200,co2-concentration,2025-06-17T09:38:33,66ce60a4fb392de5096acbb1
281,27,temp,2025-06-17T09:38:33,66ce60a4fb392de5096acbb1
282,59,humidity,2025-06-17T09:38:33,66ce60a4fb392de5096acbb1
283,200,co2-concentration,2025-06-17T09:41:32,66ce60a4fb392de5096acbb1
284,27,temp,2025-06-17T09:41:32,66ce60a4fb392de5096acbb1
285,59,humidity,2025-06-17T09:41:32,66ce60a4fb392de5096acbb1
286,200,co2-concentration,2025-06-17T09:44:31,66ce60a4fb392de5096acbb1
287,27,temp,2025-06-17T09:44:31,66ce60a4fb392de5096acbb1
288,59,humidity,2025-06-17T09:44:31,66ce60a4fb392de5096acbb1
289,200,co2-concentration,2025-06-17T09:47:31,66ce60a4fb392de5096acbb1
290,27,temp,2025-06-17T09:47:31,66ce60a4fb392de5096acbb1
291,59,humidity,2025-06-17T09:47:31,66ce60a4fb392de5096acbb1
292,200,co2-concentration,2025-06-17T09:50:31,66ce60a4fb392de5096acbb1
293,27,temp,2025-06-17T09:50:31,66ce60a4fb392de5096acbb1
294,59,humidity,2025-06-17T09:50:31,66ce60a4fb392de5096acbb1
295,200,co2-concentration,2025-06-17T09:53:30,66ce60a4fb392de5096acbb1
296,27,temp,2025-06-17T09:53:30,66ce60a4fb392de5096acbb1
297,59,humidity,2025-06-17T09:53:30,66ce60a4fb392de5096acbb1
298,200,co2-concentration,2025-06-17T09:56:30,66ce60a4fb392de5096acbb1
299,27,temp,2025-06-17T09:56:30,66ce60a4fb392de5096acbb1
300,59,humidity,2025-06-17T09:56:30,66ce60a4fb392de5096acbb1
301,200,co2-concentration,2025-06-17T09:59:29,66ce60a4fb392de5096acbb1
302,27,temp,2025-06-17T09:59:29,66ce60a4fb392de5096acbb1
303,59,humidity,2025-06-17T09:59:29,66ce60a4fb392de5096acbb1
304,200,co2-concentration,2025-06-17T10:02:29,66ce60a4fb392de5096acbb1
305,27,temp,2025-06-17T10:02:29,66ce60a4fb392de5096acbb1
306,59,humidity,2025-06-17T10:02:29,66ce60a4fb392de5096acbb1
307,200,co2-concentration,2025-06-17T10:05:28,66ce60a4fb392de5096acbb1
308,27,temp,2025-06-17T10:05:28,66ce60a4fb392de5096acbb1
309,59,humidity,2025-06-17T10:05:28,66ce60a4fb392de5096acbb1
310,200,co2-concentration,2025-06-17T10:08:28,66ce60a4fb392de5096acbb1
311,27,temp,2025-06-17T10:08:28,66ce60a4fb392de5096acbb1
312,59,humidity,2025-06-17T10:08:28,66ce60a4fb392de5096acbb1
313,200,co2-concentration,2025-06-17T10:11:27,66ce60a4fb392de5096acbb1
314,27,temp,2025-06-17T10:11:27,66ce60a4fb392de5096acbb1
315,59,humidity,2025-06-17T10:11:27,66ce60a4fb392de5096acbb1
316,200,co2-concentration,2025-06-17T10:14:27,66ce60a4fb392de5096acbb1
317,27,temp,2025-06-17T10:14:27,66ce60a4fb392de5096acbb1
318,59,humidity,2025-06-17T10:14:27,66ce60a4fb392de5096acbb1
319,200,co2-concentration,2025-06-17T10:17:26,66ce60a4fb392de5096acbb1
320,27,temp,2025-06-17T10:17:26,66ce60a4fb392de5096acbb1
321,59,humidity,2025-06-17T10:17:26,66ce60a4fb392de5096acbb1
322,200,co2-concentration,2025-06-17T10:20:26,66ce60a4fb392de5096acbb1
323,27,temp,2025-06-17T10:20:26,66ce60a4fb392de5096acbb1
324,59,humidity,2025-06-17T10:20:26,66ce60a4fb392de5096acbb1
325,200,co2-concentration,2025-06-17T10:23:25,66ce60a4fb392de5096acbb1
326,27,temp,2025-06-17T10:23:25,66ce60a4fb392de5096acbb1
327,59,humidity,2025-06-17T10:23:25,66ce60a4fb392de5096acbb1
328,200,co2-concentration,2025-06-17T10:26:25,66ce60a4fb392de5096acbb1
329,27,temp,2025-06-17T10:26:25,66ce60a4fb392de5096acbb1
330,59,humidity,2025-06-17T10:26:25,66ce60a4fb392de5096acbb1
331,200,co2-concentration,2025-06-17T10:29:24,66ce60a4fb392de5096acbb1
332,27,temp,2025-06-17T10:29:24,66ce60a4fb392de5096acbb1
333,59,humidity,2025-06-17T10:29:24,66ce60a4fb392de5096acbb1
334,200,co2-concentration,2025-06-17T10:32:23,66ce60a4fb392de5096acbb1
335,27,temp,2025-06-17T10:32:23,66ce60a4fb392de5096acbb1
336,59,humidity,2025-06-17T10:32:23,66ce60a4fb392de5096acbb1
337,200,co2-concentration,2025-06-17T10:35:23,66ce60a4fb392de5096acbb1
338,27,temp,2025-06-17T10:35:23,66ce60a4fb392de5096acbb1
339,59,humidity,2025-06-17T10:35:23,66ce60a4fb392de5096acbb1
340,200,co2-concentration,2025-06-17T10:38:23,66ce60a4fb392de5096acbb1
341,27,temp,2025-06-17T10:38:23,66ce60a4fb392de5096acbb1
342,59,humidity,2025-06-17T10:38:23,66ce60a4fb392de5096acbb1
343,200,co2-concentration,2025-06-17T10:41:22,66ce60a4fb392de5096acbb1
344,27,temp,2025-06-17T10:41:22,66ce60a4fb392de5096acbb1
345,59,humidity,2025-06-17T10:41:22,66ce60a4fb392de5096acbb1
346,200,co2-concentration,2025-06-17T10:44:22,66ce60a4fb392de5096acbb1
347,27,temp,2025-06-17T10:44:22,66ce60a4fb392de5096acbb1
348,59,humidity,2025-06-17T10:44:22,66ce60a4fb392de5096acbb1
349,200,co2-concentration,2025-06-17T10:47:21,66ce60a4fb392de5096acbb1
350,27,temp,2025-06-17T10:47:21,66ce60a4fb392de5096acbb1
351,59,humidity,2025-06-17T10:47:21,66ce60a4fb392de5096acbb1
352,200,co2-concentration,2025-06-17T10:50:21,66ce60a4fb392de5096acbb1
353,27,temp,2025-06-17T10:50:21,66ce60a4fb392de5096acbb1
354,59,humidity,2025-06-17T10:50:21,66ce60a4fb392de5096acbb1
355,200,co2-concentration,2025-06-17T10:53:20,66ce60a4fb392de5096acbb1
356,27,temp,2025-06-17T10:53:20,66ce60a4fb392de5096acbb1
357,59,humidity,2025-06-17T10:53:20,66ce60a4fb392de5096acbb1
358,200,co2-concentration,2025-06-17T10:56:20,66ce60a4fb392de5096acbb1
359,27,temp,2025-06-17T10:56:20,66ce60a4fb392de5096acbb1
360,59,humidity,2025-06-17T10:56:20,66ce60a4fb392de5096acbb1
361,200,co2-concentration,2025-06-17T10:59:19,66ce60a4fb392de5096acbb1
362,27,temp,2025-06-17T10:59:19,66ce60a4fb392de5096acbb1
363,59,humidity,2025-06-17T10:59:19,66ce60a4fb392de5096acbb1
364,200,co2-concentration,2025-06-17T11:02:19,66ce60a4fb392de5096acbb1
365,27,temp,2025-06-17T11:02:19,66ce60a4fb392de5096acbb1
366,59,humidity,2025-06-17T11:02:19,66ce60a4fb392de5096acbb1
367,200,co2-concentration,2025-06-17T11:05:18,66ce60a4fb392de5096acbb1
368,27,temp,2025-06-17T11:05:18,66ce60a4fb392de5096acbb1
369,59,humidity,2025-06-17T11:05:18,66ce60a4fb392de5096acbb1
370,200,co2-concentration,2025-06-17T11:08:18,66ce60a4fb392de5096acbb1
371,27,temp,2025-06-17T11:08:18,66ce60a4fb392de5096acbb1
372,59,humidity,2025-06-17T11:08:18,66ce60a4fb392de5096acbb1
373,200,co2-concentration,2025-06-17T11:11:17,66ce60a4fb392de5096acbb1
374,27,temp,2025-06-17T11:11:17,66ce60a4fb392de5096acbb1
375,59,humidity,2025-06-17T11:11:17,66ce60a4fb392de5096acbb1
376,200,co2-concentration,2025-06-17T11:14:17,66ce60a4fb392de5096acbb1
377,27,temp,2025-06-17T11:14:17,66ce60a4fb392de5096acbb1
378,59,humidity,2025-06-17T11:14:17,66ce60a4fb392de5096acbb1
379,200,co2-concentration,2025-06-17T11:17:16,66ce60a4fb392de5096acbb1
380,27,temp,2025-06-17T11:17:16,66ce60a4fb392de5096acbb1
381,59,humidity,2025-06-17T11:17:16,66ce60a4fb392de5096acbb1
382,200,co2-concentration,2025-06-17T11:20:16,66ce60a4fb392de5096acbb1
383,27,temp,2025-06-17T11:20:16,66ce60a4fb392de5096acbb1
384,59,humidity,2025-06-17T11:20:16,66ce60a4fb392de5096acbb1
385,200,co2-concentration,2025-06-17T11:23:16,66ce60a4fb392de5096acbb1
386,27,temp,2025-06-17T11:23:16,66ce60a4fb392de5096acbb1
387,59,humidity,2025-06-17T11:23:16,66ce60a4fb392de5096acbb1
388,200,co2-concentration,2025-06-17T11:26:15,66ce60a4fb392de5096acbb1
389,27,temp,2025-06-17T11:26:15,66ce60a4fb392de5096acbb1
390,59,humidity,2025-06-17T11:26:15,66ce60a4fb392de5096acbb1
391,200,co2-concentration,2025-06-17T11:29:14,66ce60a4fb392de5096acbb1
392,27,temp,2025-06-17T11:29:14,66ce60a4fb392de5096acbb1
393,59,humidity,2025-06-17T11:29:14,66ce60a4fb392de5096acbb1
394,200,co2-concentration,2025-06-17T11:32:14,66ce60a4fb392de5096acbb1
395,27,temp,2025-06-17T11:32:14,66ce60a4fb392de5096acbb1
396,59,humidity,2025-06-17T11:32:14,66ce60a4fb392de5096acbb1
397,200,co2-concentration,2025-06-17T11:35:13,66ce60a4fb392de5096acbb1
398,27,temp,2025-06-17T11:35:13,66ce60a4fb392de5096acbb1
399,59,humidity,2025-06-17T11:35:13,66ce60a4fb392de5096acbb1
400,200,co2-concentration,2025-06-17T11:38:13,66ce60a4fb392de5096acbb1
401,27,temp,2025-06-17T11:38:13,66ce60a4fb392de5096acbb1
402,59,humidity,2025-06-17T11:38:13,66ce60a4fb392de5096acbb1
403,200,co2-concentration,2025-06-17T11:41:12,66ce60a4fb392de5096acbb1
404,27,temp,2025-06-17T11:41:12,66ce60a4fb392de5096acbb1
405,59,humidity,2025-06-17T11:41:12,66ce60a4fb392de5096acbb1
406,200,co2-concentration,2025-06-17T11:44:12,66ce60a4fb392de5096acbb1
407,27,temp,2025-06-17T11:44:12,66ce60a4fb392de5096acbb1
408,59,humidity,2025-06-17T11:44:12,66ce60a4fb392de5096acbb1
409,200,co2-concentration,2025-06-17T11:47:12,66ce60a4fb392de5096acbb1
410,27,temp,2025-06-17T11:47:12,66ce60a4fb392de5096acbb1
411,59,humidity,2025-06-17T11:47:12,66ce60a4fb392de5096acbb1
412,200,co2-concentration,2025-06-17T11:50:11,66ce60a4fb392de5096acbb1
413,27,temp,2025-06-17T11:50:11,66ce60a4fb392de5096acbb1
414,59,humidity,2025-06-17T11:50:11,66ce60a4fb392de5096acbb1
415,200,co2-concentration,2025-06-17T11:53:11,66ce60a4fb392de5096acbb1
416,27,temp,2025-06-17T11:53:11,66ce60a4fb392de5096acbb1
417,59,humidity,2025-06-17T11:53:11,66ce60a4fb392de5096acbb1
418,200,co2-concentration,2025-06-17T11:56:10,66ce60a4fb392de5096acbb1
419,27,temp,2025-06-17T11:56:10,66ce60a4fb392de5096acbb1
420,59,humidity,2025-06-17T11:56:10,66ce60a4fb392de5096acbb1
421,200,co2-concentration,2025-06-17T11:59:10,66ce60a4fb392de5096acbb1
422,27,temp,2025-06-17T11:59:10,66ce60a4fb392de5096acbb1
423,59,humidity,2025-06-17T11:59:10,66ce60a4fb392de5096acbb1
424,200,co2-concentration,2025-06-17T12:02:09,66ce60a4fb392de5096acbb1
425,27,temp,2025-06-17T12:02:09,66ce60a4fb392de5096acbb1
426,59,humidity,2025-06-17T12:02:09,66ce60a4fb392de5096acbb1
427,200,co2-concentration,2025-06-17T12:05:09,66ce60a4fb392de5096acbb1
428,27,temp,2025-06-17T12:05:09,66ce60a4fb392de5096acbb1
429,59,humidity,2025-06-17T12:05:09,66ce60a4fb392de5096acbb1
430,200,co2-concentration,2025-06-17T12:08:09,66ce60a4fb392de5096acbb1
431,27,temp,2025-06-17T12:08:09,66ce60a4fb392de5096acbb1
432,59,humidity,2025-06-17T12:08:09,66ce60a4fb392de5096acbb1
433,200,co2-concentration,2025-06-17T12:11:08,66ce60a4fb392de5096acbb1
434,27,temp,2025-06-17T12:11:08,66ce60a4fb392de5096acbb1
435,59,humidity,2025-06-17T12:11:08,66ce60a4fb392de5096acbb1
436,200,co2-concentration,2025-06-17T12:14:08,66ce60a4fb392de5096acbb1
437,27,temp,2025-06-17T12:14:08,66ce60a4fb392de5096acbb1
438,59,humidity,2025-06-17T12:14:08,66ce60a4fb392de5096acbb1
439,200,co2-concentration,2025-06-17T12:17:07,66ce60a4fb392de5096acbb1
440,27,temp,2025-06-17T12:17:07,66ce60a4fb392de5096acbb1
441,59,humidity,2025-06-17T12:17:07,66ce60a4fb392de5096acbb1
442,200,co2-concentration,2025-06-17T12:20:07,66ce60a4fb392de5096acbb1
443,27,temp,2025-06-17T12:20:07,66ce60a4fb392de5096acbb1
444,59,humidity,2025-06-17T12:20:07,66ce60a4fb392de5096acbb1
445,200,co2-concentration,2025-06-17T12:23:06,66ce60a4fb392de5096acbb1
446,27,temp,2025-06-17T12:23:06,66ce60a4fb392de5096acbb1
447,59,humidity,2025-06-17T12:23:06,66ce60a4fb392de5096acbb1
448,200,co2-concentration,2025-06-17T12:26:06,66ce60a4fb392de5096acbb1
449,27,temp,2025-06-17T12:26:06,66ce60a4fb392de5096acbb1
450,59,humidity,2025-06-17T12:26:06,66ce60a4fb392de5096acbb1
451,200,co2-concentration,2025-06-17T12:29:05,66ce60a4fb392de5096acbb1
452,27,temp,2025-06-17T12:29:05,66ce60a4fb392de5096acbb1
453,59,humidity,2025-06-17T12:29:05,66ce60a4fb392de5096acbb1
454,200,co2-concentration,2025-06-17T12:32:05,66ce60a4fb392de5096acbb1
455,27,temp,2025-06-17T12:32:05,66ce60a4fb392de5096acbb1
456,59,humidity,2025-06-17T12:32:05,66ce60a4fb392de5096acbb1
457,200,co2-concentration,2025-06-17T12:35:04,66ce60a4fb392de5096acbb1
458,27,temp,2025-06-17T12:35:04,66ce60a4fb392de5096acbb1
459,59,humidity,2025-06-17T12:35:04,66ce60a4fb392de5096acbb1
460,200,co2-concentration,2025-06-17T12:38:04,66ce60a4fb392de5096acbb1
461,27,temp,2025-06-17T12:38:04,66ce60a4fb392de5096acbb1
462,59,humidity,2025-06-17T12:38:04,66ce60a4fb392de5096acbb1
463,200,co2-concentration,2025-06-17T12:41:03,66ce60a4fb392de5096acbb1
464,27,temp,2025-06-17T12:41:03,66ce60a4fb392de5096acbb1
465,59,humidity,2025-06-17T12:41:03,66ce60a4fb392de5096acbb1
466,200,co2-concentration,2025-06-17T12:44:03,66ce60a4fb392de5096acbb1
467,27,temp,2025-06-17T12:44:03,66ce60a4fb392de5096acbb1
468,59,humidity,2025-06-17T12:44:03,66ce60a4fb392de5096acbb1
469,200,co2-concentration,2025-06-17T12:47:02,66ce60a4fb392de5096acbb1
470,27,temp,2025-06-17T12:47:02,66ce60a4fb392de5096acbb1
471,59,humidity,2025-06-17T12:47:02,66ce60a4fb392de5096acbb1
472,200,co2-concentration,2025-06-17T12:50:02,66ce60a4fb392de5096acbb1
473,27,temp,2025-06-17T12:50:02,66ce60a4fb392de5096acbb1
474,59,humidity,2025-06-17T12:50:02,66ce60a4fb392de5096acbb1
475,200,co2-concentration,2025-06-17T12:53:01,66ce60a4fb392de5096acbb1
476,27,temp,2025-06-17T12:53:01,66ce60a4fb392de5096acbb1
477,58,humidity,2025-06-17T12:53:01,66ce60a4fb392de5096acbb1
478,200,co2-concentration,2025-06-17T12:56:01,66ce60a4fb392de5096acbb1
479,26,temp,2025-06-17T12:56:01,66ce60a4fb392de5096acbb1
480,58,humidity,2025-06-17T12:56:01,66ce60a4fb392de5096acbb1
481,200,co2-concentration,2025-06-17T12:59:00,66ce60a4fb392de5096acbb1
482,26,temp,2025-06-17T12:59:00,66ce60a4fb392de5096acbb1
483,58,humidity,2025-06-17T12:59:00,66ce60a4fb392de5096acbb1
484,200,co2-concentration,2025-06-17T13:02:00,66ce60a4fb392de5096acbb1
485,25,temp,2025-06-17T13:02:00,66ce60a4fb392de5096acbb1
486,57,humidity,2025-06-17T13:02:00,66ce60a4fb392de5096acbb1
487,200,co2-concentration,2025-06-17T13:04:59,66ce60a4fb392de5096acbb1
488,25,temp,2025-06-17T13:04:59,66ce60a4fb392de5096acbb1
489,57,humidity,2025-06-17T13:04:59,66ce60a4fb392de5096acbb1
490,200,co2-concentration,2025-06-17T13:07:58,66ce60a4fb392de5096acbb1
491,25,temp,2025-06-17T13:07:58,66ce60a4fb392de5096acbb1
492,56,humidity,2025-06-17T13:07:58,66ce60a4fb392de5096acbb1
493,200,co2-concentration,2025-06-17T13:10:58,66ce60a4fb392de5096acbb1
494,25,temp,2025-06-17T13:10:58,66ce60a4fb392de5096acbb1
495,56,humidity,2025-06-17T13:10:58,66ce60a4fb392de5096acbb1
496,200,co2-concentration,2025-06-17T13:13:57,66ce60a4fb392de5096acbb1
497,25,temp,2025-06-17T13:13:57,66ce60a4fb392de5096acbb1
498,55,humidity,2025-06-17T13:13:57,66ce60a4fb392de5096acbb1
499,200,co2-concentration,2025-06-17T13:16:57,66ce60a4fb392de5096acbb1
500,25,temp,2025-06-17T13:16:57,66ce60a4fb392de5096acbb1
501,54,humidity,2025-06-17T13:16:57,66ce60a4fb392de5096acbb1
502,200,co2-concentration,2025-06-17T13:19:56,66ce60a4fb392de5096acbb1
503,25,temp,2025-06-17T13:19:56,66ce60a4fb392de5096acbb1
504,53,humidity,2025-06-17T13:19:56,66ce60a4fb392de5096acbb1
505,200,co2-concentration,2025-06-17T13:22:56,66ce60a4fb392de5096acbb1
506,25,temp,2025-06-17T13:22:56,66ce60a4fb392de5096acbb1
507,53,humidity,2025-06-17T13:22:56,66ce60a4fb392de5096acbb1
508,200,co2-concentration,2025-06-17T13:25:55,66ce60a4fb392de5096acbb1
509,25,temp,2025-06-17T13:25:55,66ce60a4fb392de5096acbb1
510,52,humidity,2025-06-17T13:25:55,66ce60a4fb392de5096acbb1
511,200,co2-concentration,2025-06-17T13:28:55,66ce60a4fb392de5096acbb1
512,25,temp,2025-06-17T13:28:55,66ce60a4fb392de5096acbb1
513,52,humidity,2025-06-17T13:28:55,66ce60a4fb392de5096acbb1
514,200,co2-concentration,2025-06-17T13:31:54,66ce60a4fb392de5096acbb1
515,25,temp,2025-06-17T13:31:54,66ce60a4fb392de5096acbb1
516,51,humidity,2025-06-17T13:31:54,66ce60a4fb392de5096acbb1
517,200,co2-concentration,2025-06-17T13:34:54,66ce60a4fb392de5096acbb1
518,25,temp,2025-06-17T13:34:54,66ce60a4fb392de5096acbb1
519,51,humidity,2025-06-17T13:34:54,66ce60a4fb392de5096acbb1
520,200,co2-concentration,2025-06-17T13:37:53,66ce60a4fb392de5096acbb1
521,25,temp,2025-06-17T13:37:53,66ce60a4fb392de5096acbb1
522,50,humidity,2025-06-17T13:37:53,66ce60a4fb392de5096acbb1
523,200,co2-concentration,2025-06-17T13:40:53,66ce60a4fb392de5096acbb1
524,25,temp,2025-06-17T13:40:53,66ce60a4fb392de5096acbb1
525,50,humidity,2025-06-17T13:40:53,66ce60a4fb392de5096acbb1
526,200,co2-concentration,2025-06-17T13:43:53,66ce60a4fb392de5096acbb1
527,24,temp,2025-06-17T13:43:53,66ce60a4fb392de5096acbb1
528,49,humidity,2025-06-17T13:43:53,66ce60a4fb392de5096acbb1
529,200,co2-concentration,2025-06-17T13:46:52,66ce60a4fb392de5096acbb1
530,24,temp,2025-06-17T13:46:52,66ce60a4fb392de5096acbb1
531,49,humidity,2025-06-17T13:46:52,66ce60a4fb392de5096acbb1
532,200,co2-concentration,2025-06-17T13:49:52,66ce60a4fb392de5096acbb1
533,24,temp,2025-06-17T13:49:52,66ce60a4fb392de5096acbb1
534,49,humidity,2025-06-17T13:49:52,66ce60a4fb392de5096acbb1
535,200,co2-concentration,2025-06-17T13:52:51,66ce60a4fb392de5096acbb1
536,24,temp,2025-06-17T13:52:51,66ce60a4fb392de5096acbb1
537,48,humidity,2025-06-17T13:52:51,66ce60a4fb392de5096acbb1
538,200,co2-concentration,2025-06-17T13:55:50,66ce60a4fb392de5096acbb1
539,24,temp,2025-06-17T13:55:50,66ce60a4fb392de5096acbb1
540,48,humidity,2025-06-17T13:55:50,66ce60a4fb392de5096acbb1
541,200,co2-concentration,2025-06-17T13:58:50,66ce60a4fb392de5096acbb1
542,24,temp,2025-06-17T13:58:50,66ce60a4fb392de5096acbb1
543,47,humidity,2025-06-17T13:58:50,66ce60a4fb392de5096acbb1
544,200,co2-concentration,2025-06-17T14:01:49,66ce60a4fb392de5096acbb1
545,24,temp,2025-06-17T14:01:49,66ce60a4fb392de5096acbb1
546,47,humidity,2025-06-17T14:01:49,66ce60a4fb392de5096acbb1
547,200,co2-concentration,2025-06-17T14:04:49,66ce60a4fb392de5096acbb1
548,24,temp,2025-06-17T14:04:49,66ce60a4fb392de5096acbb1
549,47,humidity,2025-06-17T14:04:49,66ce60a4fb392de5096acbb1
550,200,co2-concentration,2025-06-17T14:07:48,66ce60a4fb392de5096acbb1
551,24,temp,2025-06-17T14:07:48,66ce60a4fb392de5096acbb1
552,47,humidity,2025-06-17T14:07:48,66ce60a4fb392de5096acbb1
553,200,co2-concentration,2025-06-17T14:10:48,66ce60a4fb392de5096acbb1
554,24,temp,2025-06-17T14:10:48,66ce60a4fb392de5096acbb1
555,47,humidity,2025-06-17T14:10:48,66ce60a4fb392de5096acbb1
556,200,co2-concentration,2025-06-17T14:13:47,66ce60a4fb392de5096acbb1
557,24,temp,2025-06-17T14:13:47,66ce60a4fb392de5096acbb1
558,48,humidity,2025-06-17T14:13:47,66ce60a4fb392de5096acbb1
559,200,co2-concentration,2025-06-17T14:16:47,66ce60a4fb392de5096acbb1
560,24,temp,2025-06-17T14:16:47,66ce60a4fb392de5096acbb1
561,50,humidity,2025-06-17T14:16:47,66ce60a4fb392de5096acbb1
562,200,co2-concentration,2025-06-17T14:19:46,66ce60a4fb392de5096acbb1
563,24,temp,2025-06-17T14:19:46,66ce60a4fb392de5096acbb1
564,52,humidity,2025-06-17T14:19:46,66ce60a4fb392de5096acbb1
565,200,co2-concentration,2025-06-17T14:22:46,66ce60a4fb392de5096acbb1
566,24,temp,2025-06-17T14:22:46,66ce60a4fb392de5096acbb1
567,52,humidity,2025-06-17T14:22:46,66ce60a4fb392de5096acbb1
568,200,co2-concentration,2025-06-17T14:25:45,66ce60a4fb392de5096acbb1
569,24,temp,2025-06-17T14:25:45,66ce60a4fb392de5096acbb1
570,51,humidity,2025-06-17T14:25:45,66ce60a4fb392de5096acbb1
571,200,co2-concentration,2025-06-17T14:28:45,66ce60a4fb392de5096acbb1
572,25,temp,2025-06-17T14:28:45,66ce60a4fb392de5096acbb1
573,51,humidity,2025-06-17T14:28:45,66ce60a4fb392de5096acbb1
574,200,co2-concentration,2025-06-17T14:31:45,66ce60a4fb392de5096acbb1
575,25,temp,2025-06-17T14:31:45,66ce60a4fb392de5096acbb1
576,51,humidity,2025-06-17T14:31:45,66ce60a4fb392de5096acbb1
577,200,co2-concentration,2025-06-17T14:34:45,66ce60a4fb392de5096acbb1
578,25,temp,2025-06-17T14:34:45,66ce60a4fb392de5096acbb1
579,51,humidity,2025-06-17T14:34:45,66ce60a4fb392de5096acbb1
580,200,co2-concentration,2025-06-17T14:37:46,66ce60a4fb392de5096acbb1
581,25,temp,2025-06-17T14:37:46,66ce60a4fb392de5096acbb1
582,51,humidity,2025-06-17T14:37:46,66ce60a4fb392de5096acbb1
583,200,co2-concentration,2025-06-17T14:40:46,66ce60a4fb392de5096acbb1
584,25,temp,2025-06-17T14:40:46,66ce60a4fb392de5096acbb1
585,51,humidity,2025-06-17T14:40:46,66ce60a4fb392de5096acbb1
586,200,co2-concentration,2025-06-17T14:43:46,66ce60a4fb392de5096acbb1
587,25,temp,2025-06-17T14:43:46,66ce60a4fb392de5096acbb1
588,51,humidity,2025-06-17T14:43:46,66ce60a4fb392de5096acbb1
589,200,co2-concentration,2025-06-17T14:46:46,66ce60a4fb392de5096acbb1
590,25,temp,2025-06-17T14:46:46,66ce60a4fb392de5096acbb1
591,50,humidity,2025-06-17T14:46:46,66ce60a4fb392de5096acbb1
592,200,co2-concentration,2025-06-17T14:49:46,66ce60a4fb392de5096acbb1
593,25,temp,2025-06-17T14:49:46,66ce60a4fb392de5096acbb1
594,50,humidity,2025-06-17T14:49:46,66ce60a4fb392de5096acbb1
595,200,co2-concentration,2025-06-17T14:52:45,66ce60a4fb392de5096acbb1
596,25,temp,2025-06-17T14:52:45,66ce60a4fb392de5096acbb1
597,50,humidity,2025-06-17T14:52:45,66ce60a4fb392de5096acbb1
598,200,co2-concentration,2025-06-17T14:55:45,66ce60a4fb392de5096acbb1
599,25,temp,2025-06-17T14:55:45,66ce60a4fb392de5096acbb1
600,50,humidity,2025-06-17T14:55:45,66ce60a4fb392de5096acbb1
601,200,co2-concentration,2025-06-17T14:58:44,66ce60a4fb392de5096acbb1
602,25,temp,2025-06-17T14:58:44,66ce60a4fb392de5096acbb1
603,50,humidity,2025-06-17T14:58:44,66ce60a4fb392de5096acbb1
604,200,co2-concentration,2025-06-17T15:01:46,66ce60a4fb392de5096acbb1
605,25,temp,2025-06-17T15:01:46,66ce60a4fb392de5096acbb1
606,50,humidity,2025-06-17T15:01:46,66ce60a4fb392de5096acbb1
607,200,co2-concentration,2025-06-17T15:04:46,66ce60a4fb392de5096acbb1
608,25,temp,2025-06-17T15:04:46,66ce60a4fb392de5096acbb1
609,50,humidity,2025-06-17T15:04:46,66ce60a4fb392de5096acbb1
610,200,co2-concentration,2025-06-17T15:07:46,66ce60a4fb392de5096acbb1
611,25,temp,2025-06-17T15:07:46,66ce60a4fb392de5096acbb1
612,50,humidity,2025-06-17T15:07:46,66ce60a4fb392de5096acbb1
613,200,co2-concentration,2025-06-17T15:10:45,66ce60a4fb392de5096acbb1
614,25,temp,2025-06-17T15:10:45,66ce60a4fb392de5096acbb1
615,50,humidity,2025-06-17T15:10:45,66ce60a4fb392de5096acbb1
616,200,co2-concentration,2025-06-17T15:13:45,66ce60a4fb392de5096acbb1
617,25,temp,2025-06-17T15:13:45,66ce60a4fb392de5096acbb1
618,51,humidity,2025-06-17T15:13:45,66ce60a4fb392de5096acbb1
619,200,co2-concentration,2025-06-17T15:16:45,66ce60a4fb392de5096acbb1
620,25,temp,2025-06-17T15:16:45,66ce60a4fb392de5096acbb1
621,52,humidity,2025-06-17T15:16:45,66ce60a4fb392de5096acbb1
622,200,co2-concentration,2025-06-17T15:19:45,66ce60a4fb392de5096acbb1
623,25,temp,2025-06-17T15:19:45,66ce60a4fb392de5096acbb1
624,52,humidity,2025-06-17T15:19:45,66ce60a4fb392de5096acbb1
625,200,co2-concentration,2025-06-17T15:22:45,66ce60a4fb392de5096acbb1
626,25,temp,2025-06-17T15:22:45,66ce60a4fb392de5096acbb1
627,51,humidity,2025-06-17T15:22:45,66ce60a4fb392de5096acbb1
628,200,co2-concentration,2025-06-17T15:25:45,66ce60a4fb392de5096acbb1
629,25,temp,2025-06-17T15:25:45,66ce60a4fb392de5096acbb1
630,51,humidity,2025-06-17T15:25:45,66ce60a4fb392de5096acbb1
631,200,co2-concentration,2025-06-17T15:28:45,66ce60a4fb392de5096acbb1
632,25,temp,2025-06-17T15:28:45,66ce60a4fb392de5096acbb1
633,51,humidity,2025-06-17T15:28:45,66ce60a4fb392de5096acbb1
634,200,co2-concentration,2025-06-17T15:31:45,66ce60a4fb392de5096acbb1
635,25,temp,2025-06-17T15:31:45,66ce60a4fb392de5096acbb1
636,51,humidity,2025-06-17T15:31:45,66ce60a4fb392de5096acbb1
637,200,co2-concentration,2025-06-17T15:34:45,66ce60a4fb392de5096acbb1
638,26,temp,2025-06-17T15:34:45,66ce60a4fb392de5096acbb1
639,51,humidity,2025-06-17T15:34:45,66ce60a4fb392de5096acbb1
640,200,co2-concentration,2025-06-17T15:37:45,66ce60a4fb392de5096acbb1
641,26,temp,2025-06-17T15:37:45,66ce60a4fb392de5096acbb1
642,51,humidity,2025-06-17T15:37:45,66ce60a4fb392de5096acbb1
643,200,co2-concentration,2025-06-17T15:40:44,66ce60a4fb392de5096acbb1
644,26,temp,2025-06-17T15:40:44,66ce60a4fb392de5096acbb1
645,50,humidity,2025-06-17T15:40:44,66ce60a4fb392de5096acbb1
646,201.04,co2-concentration,2025-06-17T15:43:44,66ce60a4fb392de5096acbb1
647,25,temp,2025-06-17T15:43:44,66ce60a4fb392de5096acbb1
648,51,humidity,2025-06-17T15:43:44,66ce60a4fb392de5096acbb1
649,200,co2-concentration,2025-06-17T15:46:44,66ce60a4fb392de5096acbb1
650,25,temp,2025-06-17T15:46:44,66ce60a4fb392de5096acbb1
651,51,humidity,2025-06-17T15:46:44,66ce60a4fb392de5096acbb1
652,200,co2-concentration,2025-06-17T15:49:44,66ce60a4fb392de5096acbb1
653,25,temp,2025-06-17T15:49:44,66ce60a4fb392de5096acbb1
654,51,humidity,2025-06-17T15:49:44,66ce60a4fb392de5096acbb1
655,201.04,co2-concentration,2025-06-17T15:52:44,66ce60a4fb392de5096acbb1
656,25,temp,2025-06-17T15:52:44,66ce60a4fb392de5096acbb1
657,51,humidity,2025-06-17T15:52:44,66ce60a4fb392de5096acbb1
658,200,co2-concentration,2025-06-17T15:55:44,66ce60a4fb392de5096acbb1
659,25,temp,2025-06-17T15:55:44,66ce60a4fb392de5096acbb1
660,51,humidity,2025-06-17T15:55:44,66ce60a4fb392de5096acbb1
661,200,co2-concentration,2025-06-17T15:58:44,66ce60a4fb392de5096acbb1
662,25,temp,2025-06-17T15:58:44,66ce60a4fb392de5096acbb1
663,50,humidity,2025-06-17T15:58:44,66ce60a4fb392de5096acbb1
664,200,co2-concentration,2025-06-17T16:01:43,66ce60a4fb392de5096acbb1
665,25,temp,2025-06-17T16:01:43,66ce60a4fb392de5096acbb1
666,49,humidity,2025-06-17T16:01:43,66ce60a4fb392de5096acbb1
667,200,co2-concentration,2025-06-17T16:04:43,66ce60a4fb392de5096acbb1
668,25,temp,2025-06-17T16:04:43,66ce60a4fb392de5096acbb1
669,48,humidity,2025-06-17T16:04:43,66ce60a4fb392de5096acbb1
670,200,co2-concentration,2025-06-17T16:07:42,66ce60a4fb392de5096acbb1
671,25,temp,2025-06-17T16:07:42,66ce60a4fb392de5096acbb1
672,48,humidity,2025-06-17T16:07:42,66ce60a4fb392de5096acbb1
673,200,co2-concentration,2025-06-17T16:10:42,66ce60a4fb392de5096acbb1
674,24,temp,2025-06-17T16:10:42,66ce60a4fb392de5096acbb1
675,47,humidity,2025-06-17T16:10:42,66ce60a4fb392de5096acbb1
676,200,co2-concentration,2025-06-17T16:13:41,66ce60a4fb392de5096acbb1
677,24,temp,2025-06-17T16:13:41,66ce60a4fb392de5096acbb1
678,46,humidity,2025-06-17T16:13:41,66ce60a4fb392de5096acbb1
679,200,co2-concentration,2025-06-17T16:16:41,66ce60a4fb392de5096acbb1
680,24,temp,2025-06-17T16:16:41,66ce60a4fb392de5096acbb1
681,46,humidity,2025-06-17T16:16:41,66ce60a4fb392de5096acbb1
682,200,co2-concentration,2025-06-17T16:19:41,66ce60a4fb392de5096acbb1
683,24,temp,2025-06-17T16:19:41,66ce60a4fb392de5096acbb1
684,46,humidity,2025-06-17T16:19:41,66ce60a4fb392de5096acbb1
685,200,co2-concentration,2025-06-17T16:22:40,66ce60a4fb392de5096acbb1
686,24,temp,2025-06-17T16:22:40,66ce60a4fb392de5096acbb1
687,45,humidity,2025-06-17T16:22:40,66ce60a4fb392de5096acbb1
688,200,co2-concentration,2025-06-17T16:25:40,66ce60a4fb392de5096acbb1
689,24,temp,2025-06-17T16:25:40,66ce60a4fb392de5096acbb1
690,45,humidity,2025-06-17T16:25:40,66ce60a4fb392de5096acbb1
691,200,co2-concentration,2025-06-17T16:28:39,66ce60a4fb392de5096acbb1
692,24,temp,2025-06-17T16:28:39,66ce60a4fb392de5096acbb1
693,44,humidity,2025-06-17T16:28:39,66ce60a4fb392de5096acbb1
694,200,co2-concentration,2025-06-17T16:31:39,66ce60a4fb392de5096acbb1
695,24,temp,2025-06-17T16:31:39,66ce60a4fb392de5096acbb1
696,44,humidity,2025-06-17T16:31:39,66ce60a4fb392de5096acbb1
697,200,co2-concentration,2025-06-17T16:34:38,66ce60a4fb392de5096acbb1
698,24,temp,2025-06-17T16:34:38,66ce60a4fb392de5096acbb1
699,44,humidity,2025-06-17T16:34:38,66ce60a4fb392de5096acbb1
700,200,co2-concentration,2025-06-17T16:37:38,66ce60a4fb392de5096acbb1
701,23,temp,2025-06-17T16:37:38,66ce60a4fb392de5096acbb1
702,43,humidity,2025-06-17T16:37:38,66ce60a4fb392de5096acbb1
703,200,co2-concentration,2025-06-17T16:40:37,66ce60a4fb392de5096acbb1
704,23,temp,2025-06-17T16:40:37,66ce60a4fb392de5096acbb1
705,43,humidity,2025-06-17T16:40:37,66ce60a4fb392de5096acbb1
706,200,co2-concentration,2025-06-17T16:43:36,66ce60a4fb392de5096acbb1
707,23,temp,2025-06-17T16:43:36,66ce60a4fb392de5096acbb1
708,43,humidity,2025-06-17T16:43:36,66ce60a4fb392de5096acbb1
709,200,co2-concentration,2025-06-17T16:46:36,66ce60a4fb392de5096acbb1
710,23,temp,2025-06-17T16:46:36,66ce60a4fb392de5096acbb1
711,43,humidity,2025-06-17T16:46:36,66ce60a4fb392de5096acbb1
712,200,co2-concentration,2025-06-17T16:49:36,66ce60a4fb392de5096acbb1
713,23,temp,2025-06-17T16:49:36,66ce60a4fb392de5096acbb1
714,42,humidity,2025-06-17T16:49:36,66ce60a4fb392de5096acbb1
715,200,co2-concentration,2025-06-17T16:52:35,66ce60a4fb392de5096acbb1
716,23,temp,2025-06-17T16:52:35,66ce60a4fb392de5096acbb1
717,42,humidity,2025-06-17T16:52:35,66ce60a4fb392de5096acbb1
718,200,co2-concentration,2025-06-17T16:55:35,66ce60a4fb392de5096acbb1
719,23,temp,2025-06-17T16:55:35,66ce60a4fb392de5096acbb1
720,44,humidity,2025-06-17T16:55:35,66ce60a4fb392de5096acbb1
721,200,co2-concentration,2025-06-17T16:58:35,66ce60a4fb392de5096acbb1
722,23,temp,2025-06-17T16:58:35,66ce60a4fb392de5096acbb1
723,44,humidity,2025-06-17T16:58:35,66ce60a4fb392de5096acbb1
724,200,co2-concentration,2025-06-17T17:01:35,66ce60a4fb392de5096acbb1
725,23,temp,2025-06-17T17:01:35,66ce60a4fb392de5096acbb1
726,43,humidity,2025-06-17T17:01:35,66ce60a4fb392de5096acbb1
727,200,co2-concentration,2025-06-17T17:04:34,66ce60a4fb392de5096acbb1
728,23,temp,2025-06-17T17:04:34,66ce60a4fb392de5096acbb1
729,43,humidity,2025-06-17T17:04:34,66ce60a4fb392de5096acbb1
730,200,co2-concentration,2025-06-17T17:07:34,66ce60a4fb392de5096acbb1
731,23,temp,2025-06-17T17:07:34,66ce60a4fb392de5096acbb1
732,43,humidity,2025-06-17T17:07:34,66ce60a4fb392de5096acbb1
733,200,co2-concentration,2025-06-17T17:10:33,66ce60a4fb392de5096acbb1
734,23,temp,2025-06-17T17:10:33,66ce60a4fb392de5096acbb1
735,43,humidity,2025-06-17T17:10:33,66ce60a4fb392de5096acbb1
736,200,co2-concentration,2025-06-17T17:13:33,66ce60a4fb392de5096acbb1
737,23,temp,2025-06-17T17:13:33,66ce60a4fb392de5096acbb1
738,42,humidity,2025-06-17T17:13:33,66ce60a4fb392de5096acbb1
739,200,co2-concentration,2025-06-17T17:16:32,66ce60a4fb392de5096acbb1
740,23,temp,2025-06-17T17:16:32,66ce60a4fb392de5096acbb1
741,42,humidity,2025-06-17T17:16:32,66ce60a4fb392de5096acbb1
742,200,co2-concentration,2025-06-17T17:19:31,66ce60a4fb392de5096acbb1
743,23,temp,2025-06-17T17:19:31,66ce60a4fb392de5096acbb1
744,42,humidity,2025-06-17T17:19:31,66ce60a4fb392de5096acbb1
745,200,co2-concentration,2025-06-17T17:22:31,66ce60a4fb392de5096acbb1
746,23,temp,2025-06-17T17:22:31,66ce60a4fb392de5096acbb1
747,42,humidity,2025-06-17T17:22:31,66ce60a4fb392de5096acbb1
748,200,co2-concentration,2025-06-17T17:25:30,66ce60a4fb392de5096acbb1
749,23,temp,2025-06-17T17:25:30,66ce60a4fb392de5096acbb1
750,41,humidity,2025-06-17T17:25:30,66ce60a4fb392de5096acbb1
751,200,co2-concentration,2025-06-17T17:28:30,66ce60a4fb392de5096acbb1
752,24,temp,2025-06-17T17:28:30,66ce60a4fb392de5096acbb1
753,41,humidity,2025-06-17T17:28:30,66ce60a4fb392de5096acbb1
754,200,co2-concentration,2025-06-17T17:31:30,66ce60a4fb392de5096acbb1
755,24,temp,2025-06-17T17:31:30,66ce60a4fb392de5096acbb1
756,41,humidity,2025-06-17T17:31:30,66ce60a4fb392de5096acbb1
757,200,co2-concentration,2025-06-17T17:34:29,66ce60a4fb392de5096acbb1
758,24,temp,2025-06-17T17:34:29,66ce60a4fb392de5096acbb1
759,40,humidity,2025-06-17T17:34:29,66ce60a4fb392de5096acbb1
760,200,co2-concentration,2025-06-17T17:37:29,66ce60a4fb392de5096acbb1
761,24,temp,2025-06-17T17:37:29,66ce60a4fb392de5096acbb1
762,40,humidity,2025-06-17T17:37:29,66ce60a4fb392de5096acbb1
763,200,co2-concentration,2025-06-17T17:40:28,66ce60a4fb392de5096acbb1
764,24,temp,2025-06-17T17:40:28,66ce60a4fb392de5096acbb1
765,40,humidity,2025-06-17T17:40:28,66ce60a4fb392de5096acbb1
766,200,co2-concentration,2025-06-17T17:43:28,66ce60a4fb392de5096acbb1
767,24,temp,2025-06-17T17:43:28,66ce60a4fb392de5096acbb1
768,40,humidity,2025-06-17T17:43:28,66ce60a4fb392de5096acbb1
769,200,co2-concentration,2025-06-17T17:46:27,66ce60a4fb392de5096acbb1
770,24,temp,2025-06-17T17:46:27,66ce60a4fb392de5096acbb1
771,39,humidity,2025-06-17T17:46:27,66ce60a4fb392de5096acbb1
772,200,co2-concentration,2025-06-17T17:49:26,66ce60a4fb392de5096acbb1
773,24,temp,2025-06-17T17:49:26,66ce60a4fb392de5096acbb1
774,39,humidity,2025-06-17T17:49:26,66ce60a4fb392de5096acbb1
775,200,co2-concentration,2025-06-17T17:52:26,66ce60a4fb392de5096acbb1
776,24,temp,2025-06-17T17:52:26,66ce60a4fb392de5096acbb1
777,39,humidity,2025-06-17T17:52:26,66ce60a4fb392de5096acbb1
778,200,co2-concentration,2025-06-17T17:55:25,66ce60a4fb392de5096acbb1
779,24,temp,2025-06-17T17:55:25,66ce60a4fb392de5096acbb1
780,39,humidity,2025-06-17T17:55:25,66ce60a4fb392de5096acbb1
781,200,co2-concentration,2025-06-17T17:58:25,66ce60a4fb392de5096acbb1
782,24,temp,2025-06-17T17:58:25,66ce60a4fb392de5096acbb1
783,39,humidity,2025-06-17T17:58:25,66ce60a4fb392de5096acbb1
784,200,co2-concentration,2025-06-17T18:01:24,66ce60a4fb392de5096acbb1
785,24,temp,2025-06-17T18:01:24,66ce60a4fb392de5096acbb1
786,39,humidity,2025-06-17T18:01:24,66ce60a4fb392de5096acbb1
787,200,co2-concentration,2025-06-17T18:04:24,66ce60a4fb392de5096acbb1
788,24,temp,2025-06-17T18:04:24,66ce60a4fb392de5096acbb1
789,39,humidity,2025-06-17T18:04:24,66ce60a4fb392de5096acbb1
790,200,co2-concentration,2025-06-17T18:07:23,66ce60a4fb392de5096acbb1
791,24,temp,2025-06-17T18:07:23,66ce60a4fb392de5096acbb1
792,39,humidity,2025-06-17T18:07:23,66ce60a4fb392de5096acbb1
793,200,co2-concentration,2025-06-17T18:10:23,66ce60a4fb392de5096acbb1
794,24,temp,2025-06-17T18:10:23,66ce60a4fb392de5096acbb1
795,40,humidity,2025-06-17T18:10:23,66ce60a4fb392de5096acbb1
796,200,co2-concentration,2025-06-17T18:13:22,66ce60a4fb392de5096acbb1
797,24,temp,2025-06-17T18:13:22,66ce60a4fb392de5096acbb1
798,40,humidity,2025-06-17T18:13:22,66ce60a4fb392de5096acbb1
799,200,co2-concentration,2025-06-17T18:16:21,66ce60a4fb392de5096acbb1
800,24,temp,2025-06-17T18:16:21,66ce60a4fb392de5096acbb1
801,40,humidity,2025-06-17T18:16:21,66ce60a4fb392de5096acbb1
802,200,co2-concentration,2025-06-17T18:19:21,66ce60a4fb392de5096acbb1
803,24,temp,2025-06-17T18:19:21,66ce60a4fb392de5096acbb1
804,40,humidity,2025-06-17T18:19:21,66ce60a4fb392de5096acbb1
805,200,co2-concentration,2025-06-17T18:22:21,66ce60a4fb392de5096acbb1
806,23,temp,2025-06-17T18:22:21,66ce60a4fb392de5096acbb1
807,40,humidity,2025-06-17T18:22:21,66ce60a4fb392de5096acbb1
808,200,co2-concentration,2025-06-17T18:25:20,66ce60a4fb392de5096acbb1
809,23,temp,2025-06-17T18:25:20,66ce60a4fb392de5096acbb1
810,40,humidity,2025-06-17T18:25:20,66ce60a4fb392de5096acbb1
811,200,co2-concentration,2025-06-17T18:28:20,66ce60a4fb392de5096acbb1
812,24,temp,2025-06-17T18:28:20,66ce60a4fb392de5096acbb1
813,41,humidity,2025-06-17T18:28:20,66ce60a4fb392de5096acbb1
814,200,co2-concentration,2025-06-17T18:31:19,66ce60a4fb392de5096acbb1
815,24,temp,2025-06-17T18:31:19,66ce60a4fb392de5096acbb1
816,40,humidity,2025-06-17T18:31:19,66ce60a4fb392de5096acbb1
817,200,co2-concentration,2025-06-17T18:34:19,66ce60a4fb392de5096acbb1
818,24,temp,2025-06-17T18:34:19,66ce60a4fb392de5096acbb1
819,41,humidity,2025-06-17T18:34:19,66ce60a4fb392de5096acbb1
820,200,co2-concentration,2025-06-17T18:37:19,66ce60a4fb392de5096acbb1
821,24,temp,2025-06-17T18:37:19,66ce60a4fb392de5096acbb1
822,40,humidity,2025-06-17T18:37:19,66ce60a4fb392de5096acbb1
823,200,co2-concentration,2025-06-17T18:40:18,66ce60a4fb392de5096acbb1
824,24,temp,2025-06-17T18:40:18,66ce60a4fb392de5096acbb1
825,41,humidity,2025-06-17T18:40:18,66ce60a4fb392de5096acbb1
826,200,co2-concentration,2025-06-17T18:43:18,66ce60a4fb392de5096acbb1
827,24,temp,2025-06-17T18:43:18,66ce60a4fb392de5096acbb1
828,41,humidity,2025-06-17T18:43:18,66ce60a4fb392de5096acbb1
829,200,co2-concentration,2025-06-17T18:46:18,66ce60a4fb392de5096acbb1
830,24,temp,2025-06-17T18:46:18,66ce60a4fb392de5096acbb1
831,41,humidity,2025-06-17T18:46:18,66ce60a4fb392de5096acbb1
832,200,co2-concentration,2025-06-17T18:49:17,66ce60a4fb392de5096acbb1
833,24,temp,2025-06-17T18:49:17,66ce60a4fb392de5096acbb1
834,41,humidity,2025-06-17T18:49:17,66ce60a4fb392de5096acbb1
835,200,co2-concentration,2025-06-17T18:52:17,66ce60a4fb392de5096acbb1
836,24,temp,2025-06-17T18:52:17,66ce60a4fb392de5096acbb1
837,41,humidity,2025-06-17T18:52:17,66ce60a4fb392de5096acbb1
838,200,co2-concentration,2025-06-17T18:55:17,66ce60a4fb392de5096acbb1
839,24,temp,2025-06-17T18:55:17,66ce60a4fb392de5096acbb1
840,41,humidity,2025-06-17T18:55:17,66ce60a4fb392de5096acbb1
841,200,co2-concentration,2025-06-17T18:58:17,66ce60a4fb392de5096acbb1
842,24,temp,2025-06-17T18:58:17,66ce60a4fb392de5096acbb1
843,41,humidity,2025-06-17T18:58:17,66ce60a4fb392de5096acbb1
844,200,co2-concentration,2025-06-17T19:01:17,66ce60a4fb392de5096acbb1
845,24,temp,2025-06-17T19:01:17,66ce60a4fb392de5096acbb1
846,41,humidity,2025-06-17T19:01:17,66ce60a4fb392de5096acbb1
847,200,co2-concentration,2025-06-17T19:04:16,66ce60a4fb392de5096acbb1
848,24,temp,2025-06-17T19:04:16,66ce60a4fb392de5096acbb1
849,41,humidity,2025-06-17T19:04:16,66ce60a4fb392de5096acbb1
850,200,co2-concentration,2025-06-17T19:07:16,66ce60a4fb392de5096acbb1
851,24,temp,2025-06-17T19:07:16,66ce60a4fb392de5096acbb1
852,41,humidity,2025-06-17T19:07:16,66ce60a4fb392de5096acbb1
853,200,co2-concentration,2025-06-17T19:10:15,66ce60a4fb392de5096acbb1
854,24,temp,2025-06-17T19:10:15,66ce60a4fb392de5096acbb1
855,41,humidity,2025-06-17T19:10:15,66ce60a4fb392de5096acbb1
856,200,co2-concentration,2025-06-17T19:13:15,66ce60a4fb392de5096acbb1
857,24,temp,2025-06-17T19:13:15,66ce60a4fb392de5096acbb1
858,41,humidity,2025-06-17T19:13:15,66ce60a4fb392de5096acbb1
859,200,co2-concentration,2025-06-17T19:16:15,66ce60a4fb392de5096acbb1
860,24,temp,2025-06-17T19:16:15,66ce60a4fb392de5096acbb1
861,41,humidity,2025-06-17T19:16:15,66ce60a4fb392de5096acbb1
862,200,co2-concentration,2025-06-17T19:19:14,66ce60a4fb392de5096acbb1
863,24,temp,2025-06-17T19:19:14,66ce60a4fb392de5096acbb1
864,41,humidity,2025-06-17T19:19:14,66ce60a4fb392de5096acbb1
865,200,co2-concentration,2025-06-17T19:22:14,66ce60a4fb392de5096acbb1
866,24,temp,2025-06-17T19:22:14,66ce60a4fb392de5096acbb1
867,41,humidity,2025-06-17T19:22:14,66ce60a4fb392de5096acbb1
868,200,co2-concentration,2025-06-17T19:25:13,66ce60a4fb392de5096acbb1
869,24,temp,2025-06-17T19:25:13,66ce60a4fb392de5096acbb1
870,42,humidity,2025-06-17T19:25:13,66ce60a4fb392de5096acbb1
871,200,co2-concentration,2025-06-17T19:28:13,66ce60a4fb392de5096acbb1
872,24,temp,2025-06-17T19:28:13,66ce60a4fb392de5096acbb1
873,42,humidity,2025-06-17T19:28:13,66ce60a4fb392de5096acbb1
874,200,co2-concentration,2025-06-17T19:31:12,66ce60a4fb392de5096acbb1
875,24,temp,2025-06-17T19:31:12,66ce60a4fb392de5096acbb1
876,42,humidity,2025-06-17T19:31:12,66ce60a4fb392de5096acbb1
877,200,co2-concentration,2025-06-17T19:34:11,66ce60a4fb392de5096acbb1
878,24,temp,2025-06-17T19:34:11,66ce60a4fb392de5096acbb1
879,42,humidity,2025-06-17T19:34:11,66ce60a4fb392de5096acbb1
880,200,co2-concentration,2025-06-17T19:37:11,66ce60a4fb392de5096acbb1
881,24,temp,2025-06-17T19:37:11,66ce60a4fb392de5096acbb1
882,42,humidity,2025-06-17T19:37:11,66ce60a4fb392de5096acbb1
883,200,co2-concentration,2025-06-17T19:40:10,66ce60a4fb392de5096acbb1
884,24,temp,2025-06-17T19:40:10,66ce60a4fb392de5096acbb1
885,42,humidity,2025-06-17T19:40:10,66ce60a4fb392de5096acbb1
886,200,co2-concentration,2025-06-17T19:43:10,66ce60a4fb392de5096acbb1
887,24,temp,2025-06-17T19:43:10,66ce60a4fb392de5096acbb1
888,42,humidity,2025-06-17T19:43:10,66ce60a4fb392de5096acbb1
889,200,co2-concentration,2025-06-17T19:46:10,66ce60a4fb392de5096acbb1
890,24,temp,2025-06-17T19:46:10,66ce60a4fb392de5096acbb1
891,42,humidity,2025-06-17T19:46:10,66ce60a4fb392de5096acbb1
892,200,co2-concentration,2025-06-17T19:49:09,66ce60a4fb392de5096acbb1
893,24,temp,2025-06-17T19:49:09,66ce60a4fb392de5096acbb1
894,42,humidity,2025-06-17T19:49:09,66ce60a4fb392de5096acbb1
895,200,co2-concentration,2025-06-17T19:52:09,66ce60a4fb392de5096acbb1
896,24,temp,2025-06-17T19:52:09,66ce60a4fb392de5096acbb1
897,42,humidity,2025-06-17T19:52:09,66ce60a4fb392de5096acbb1
898,200,co2-concentration,2025-06-17T19:55:09,66ce60a4fb392de5096acbb1
899,24,temp,2025-06-17T19:55:09,66ce60a4fb392de5096acbb1
900,42,humidity,2025-06-17T19:55:09,66ce60a4fb392de5096acbb1
901,200,co2-concentration,2025-06-17T19:58:09,66ce60a4fb392de5096acbb1
902,24,temp,2025-06-17T19:58:09,66ce60a4fb392de5096acbb1
903,42,humidity,2025-06-17T19:58:09,66ce60a4fb392de5096acbb1
904,200,co2-concentration,2025-06-17T20:01:09,66ce60a4fb392de5096acbb1
905,24,temp,2025-06-17T20:01:09,66ce60a4fb392de5096acbb1
906,42,humidity,2025-06-17T20:01:09,66ce60a4fb392de5096acbb1
907,200,co2-concentration,2025-06-17T20:04:08,66ce60a4fb392de5096acbb1
908,24,temp,2025-06-17T20:04:08,66ce60a4fb392de5096acbb1
909,42,humidity,2025-06-17T20:04:08,66ce60a4fb392de5096acbb1
910,200,co2-concentration,2025-06-17T20:07:08,66ce60a4fb392de5096acbb1
911,24,temp,2025-06-17T20:07:08,66ce60a4fb392de5096acbb1
912,42,humidity,2025-06-17T20:07:08,66ce60a4fb392de5096acbb1
913,200,co2-concentration,2025-06-17T20:10:08,66ce60a4fb392de5096acbb1
914,24,temp,2025-06-17T20:10:08,66ce60a4fb392de5096acbb1
915,42,humidity,2025-06-17T20:10:08,66ce60a4fb392de5096acbb1
916,200,co2-concentration,2025-06-17T20:13:07,66ce60a4fb392de5096acbb1
917,24,temp,2025-06-17T20:13:07,66ce60a4fb392de5096acbb1
918,42,humidity,2025-06-17T20:13:07,66ce60a4fb392de5096acbb1
919,200,co2-concentration,2025-06-17T20:16:07,66ce60a4fb392de5096acbb1
920,24,temp,2025-06-17T20:16:07,66ce60a4fb392de5096acbb1
921,41,humidity,2025-06-17T20:16:07,66ce60a4fb392de5096acbb1
922,200,co2-concentration,2025-06-17T20:19:07,66ce60a4fb392de5096acbb1
923,24,temp,2025-06-17T20:19:07,66ce60a4fb392de5096acbb1
924,41,humidity,2025-06-17T20:19:07,66ce60a4fb392de5096acbb1
925,200,co2-concentration,2025-06-17T20:22:06,66ce60a4fb392de5096acbb1
926,24,temp,2025-06-17T20:22:06,66ce60a4fb392de5096acbb1
927,41,humidity,2025-06-17T20:22:06,66ce60a4fb392de5096acbb1
928,200,co2-concentration,2025-06-17T20:25:06,66ce60a4fb392de5096acbb1
929,24,temp,2025-06-17T20:25:06,66ce60a4fb392de5096acbb1
930,42,humidity,2025-06-17T20:25:06,66ce60a4fb392de5096acbb1
931,200,co2-concentration,2025-06-17T20:28:05,66ce60a4fb392de5096acbb1
932,25,temp,2025-06-17T20:28:05,66ce60a4fb392de5096acbb1
933,42,humidity,2025-06-17T20:28:05,66ce60a4fb392de5096acbb1
934,200,co2-concentration,2025-06-17T20:31:05,66ce60a4fb392de5096acbb1
935,25,temp,2025-06-17T20:31:05,66ce60a4fb392de5096acbb1
936,42,humidity,2025-06-17T20:31:05,66ce60a4fb392de5096acbb1
937,200,co2-concentration,2025-06-17T20:34:05,66ce60a4fb392de5096acbb1
938,25,temp,2025-06-17T20:34:05,66ce60a4fb392de5096acbb1
939,42,humidity,2025-06-17T20:34:05,66ce60a4fb392de5096acbb1
940,200,co2-concentration,2025-06-17T20:37:04,66ce60a4fb392de5096acbb1
941,25,temp,2025-06-17T20:37:04,66ce60a4fb392de5096acbb1
942,42,humidity,2025-06-17T20:37:04,66ce60a4fb392de5096acbb1
943,200,co2-concentration,2025-06-17T20:40:04,66ce60a4fb392de5096acbb1
944,25,temp,2025-06-17T20:40:04,66ce60a4fb392de5096acbb1
945,43,humidity,2025-06-17T20:40:04,66ce60a4fb392de5096acbb1
946,200,co2-concentration,2025-06-17T20:43:03,66ce60a4fb392de5096acbb1
947,25,temp,2025-06-17T20:43:03,66ce60a4fb392de5096acbb1
948,43,humidity,2025-06-17T20:43:03,66ce60a4fb392de5096acbb1
949,200,co2-concentration,2025-06-17T20:46:03,66ce60a4fb392de5096acbb1
950,25,temp,2025-06-17T20:46:03,66ce60a4fb392de5096acbb1
951,43,humidity,2025-06-17T20:46:03,66ce60a4fb392de5096acbb1
952,200,co2-concentration,2025-06-17T20:49:02,66ce60a4fb392de5096acbb1
953,25,temp,2025-06-17T20:49:02,66ce60a4fb392de5096acbb1
954,44,humidity,2025-06-17T20:49:02,66ce60a4fb392de5096acbb1
955,200,co2-concentration,2025-06-17T20:52:02,66ce60a4fb392de5096acbb1
956,26,temp,2025-06-17T20:52:02,66ce60a4fb392de5096acbb1
957,44,humidity,2025-06-17T20:52:02,66ce60a4fb392de5096acbb1
958,200,co2-concentration,2025-06-17T20:55:01,66ce60a4fb392de5096acbb1
959,26,temp,2025-06-17T20:55:01,66ce60a4fb392de5096acbb1
960,44,humidity,2025-06-17T20:55:01,66ce60a4fb392de5096acbb1
961,200,co2-concentration,2025-06-17T20:58:01,66ce60a4fb392de5096acbb1
962,26,temp,2025-06-17T20:58:01,66ce60a4fb392de5096acbb1
963,44,humidity,2025-06-17T20:58:01,66ce60a4fb392de5096acbb1
964,200,co2-concentration,2025-06-17T21:01:00,66ce60a4fb392de5096acbb1
965,26,temp,2025-06-17T21:01:00,66ce60a4fb392de5096acbb1
966,44,humidity,2025-06-17T21:01:00,66ce60a4fb392de5096acbb1
967,200,co2-concentration,2025-06-17T21:04:00,66ce60a4fb392de5096acbb1
968,26,temp,2025-06-17T21:04:00,66ce60a4fb392de5096acbb1
969,45,humidity,2025-06-17T21:04:00,66ce60a4fb392de5096acbb1
970,200,co2-concentration,2025-06-17T21:06:59,66ce60a4fb392de5096acbb1
971,26,temp,2025-06-17T21:06:59,66ce60a4fb392de5096acbb1
972,44,humidity,2025-06-17T21:06:59,66ce60a4fb392de5096acbb1
973,200,co2-concentration,2025-06-17T21:09:59,66ce60a4fb392de5096acbb1
974,26,temp,2025-06-17T21:09:59,66ce60a4fb392de5096acbb1
975,45,humidity,2025-06-17T21:09:59,66ce60a4fb392de5096acbb1
976,200,co2-concentration,2025-06-17T21:12:58,66ce60a4fb392de5096acbb1
977,26,temp,2025-06-17T21:12:58,66ce60a4fb392de5096acbb1
978,45,humidity,2025-06-17T21:12:58,66ce60a4fb392de5096acbb1
979,200,co2-concentration,2025-06-17T21:15:58,66ce60a4fb392de5096acbb1
980,26,temp,2025-06-17T21:15:58,66ce60a4fb392de5096acbb1
981,45,humidity,2025-06-17T21:15:58,66ce60a4fb392de5096acbb1
982,200,co2-concentration,2025-06-17T21:18:57,66ce60a4fb392de5096acbb1
983,26,temp,2025-06-17T21:18:57,66ce60a4fb392de5096acbb1
984,45,humidity,2025-06-17T21:18:57,66ce60a4fb392de5096acbb1
985,200,co2-concentration,2025-06-17T21:21:57,66ce60a4fb392de5096acbb1
986,26,temp,2025-06-17T21:21:57,66ce60a4fb392de5096acbb1
987,45,humidity,2025-06-17T21:21:57,66ce60a4fb392de5096acbb1
988,200,co2-concentration,2025-06-17T21:24:56,66ce60a4fb392de5096acbb1
989,26,temp,2025-06-17T21:24:56,66ce60a4fb392de5096acbb1
990,45,humidity,2025-06-17T21:24:56,66ce60a4fb392de5096acbb1
991,200,co2-concentration,2025-06-17T21:27:56,66ce60a4fb392de5096acbb1
992,26,temp,2025-06-17T21:27:56,66ce60a4fb392de5096acbb1
993,45,humidity,2025-06-17T21:27:56,66ce60a4fb392de5096acbb1
994,200,co2-concentration,2025-06-17T21:30:55,66ce60a4fb392de5096acbb1
995,26,temp,2025-06-17T21:30:55,66ce60a4fb392de5096acbb1
996,45,humidity,2025-06-17T21:30:55,66ce60a4fb392de5096acbb1
997,200,co2-concentration,2025-06-17T21:33:55,66ce60a4fb392de5096acbb1
998,26,temp,2025-06-17T21:33:55,66ce60a4fb392de5096acbb1
999,46,humidity,2025-06-17T21:33:55,66ce60a4fb392de5096acbb1
1000,200,co2-concentration,2025-06-17T21:36:54,66ce60a4fb392de5096acbb1
1001,26,temp,2025-06-17T21:36:54,66ce60a4fb392de5096acbb1
1002,46,humidity,2025-06-17T21:36:54,66ce60a4fb392de5096acbb1
1003,200,co2-concentration,2025-06-17T21:39:54,66ce60a4fb392de5096acbb1
1004,26,temp,2025-06-17T21:39:54,66ce60a4fb392de5096acbb1
1005,46,humidity,2025-06-17T21:39:54,66ce60a4fb392de5096acbb1
1006,200,co2-concentration,2025-06-17T21:42:53,66ce60a4fb392de5096acbb1
1007,26,temp,2025-06-17T21:42:53,66ce60a4fb392de5096acbb1
1008,46,humidity,2025-06-17T21:42:53,66ce60a4fb392de5096acbb1
1009,200,co2-concentration,2025-06-17T21:45:53,66ce60a4fb392de5096acbb1
1010,26,temp,2025-06-17T21:45:53,66ce60a4fb392de5096acbb1
1011,46,humidity,2025-06-17T21:45:53,66ce60a4fb392de5096acbb1
1012,200,co2-concentration,2025-06-17T21:48:52,66ce60a4fb392de5096acbb1
1013,26,temp,2025-06-17T21:48:52,66ce60a4fb392de5096acbb1
1014,46,humidity,2025-06-17T21:48:52,66ce60a4fb392de5096acbb1
1015,200,co2-concentration,2025-06-17T21:51:52,66ce60a4fb392de5096acbb1
1016,26,temp,2025-06-17T21:51:52,66ce60a4fb392de5096acbb1
1017,46,humidity,2025-06-17T21:51:52,66ce60a4fb392de5096acbb1
1018,200,co2-concentration,2025-06-17T21:54:51,66ce60a4fb392de5096acbb1
1019,26,temp,2025-06-17T21:54:51,66ce60a4fb392de5096acbb1
1020,46,humidity,2025-06-17T21:54:51,66ce60a4fb392de5096acbb1
1021,200,co2-concentration,2025-06-17T21:57:50,66ce60a4fb392de5096acbb1
1022,26,temp,2025-06-17T21:57:50,66ce60a4fb392de5096acbb1
1023,47,humidity,2025-06-17T21:57:50,66ce60a4fb392de5096acbb1
1024,200,co2-concentration,2025-06-17T22:00:50,66ce60a4fb392de5096acbb1
1025,26,temp,2025-06-17T22:00:50,66ce60a4fb392de5096acbb1
1026,47,humidity,2025-06-17T22:00:50,66ce60a4fb392de5096acbb1
1027,200,co2-concentration,2025-06-17T22:03:50,66ce60a4fb392de5096acbb1
1028,26,temp,2025-06-17T22:03:50,66ce60a4fb392de5096acbb1
1029,47,humidity,2025-06-17T22:03:50,66ce60a4fb392de5096acbb1
1030,200,co2-concentration,2025-06-17T22:06:49,66ce60a4fb392de5096acbb1
1031,26,temp,2025-06-17T22:06:49,66ce60a4fb392de5096acbb1
1032,47,humidity,2025-06-17T22:06:49,66ce60a4fb392de5096acbb1
1033,200,co2-concentration,2025-06-17T22:09:48,66ce60a4fb392de5096acbb1
1034,26,temp,2025-06-17T22:09:48,66ce60a4fb392de5096acbb1
1035,47,humidity,2025-06-17T22:09:48,66ce60a4fb392de5096acbb1
1036,200,co2-concentration,2025-06-17T22:12:48,66ce60a4fb392de5096acbb1
1037,26,temp,2025-06-17T22:12:48,66ce60a4fb392de5096acbb1
1038,47,humidity,2025-06-17T22:12:48,66ce60a4fb392de5096acbb1
1039,200,co2-concentration,2025-06-17T22:15:47,66ce60a4fb392de5096acbb1
1040,26,temp,2025-06-17T22:15:47,66ce60a4fb392de5096acbb1
1041,47,humidity,2025-06-17T22:15:47,66ce60a4fb392de5096acbb1
1042,200,co2-concentration,2025-06-17T22:18:47,66ce60a4fb392de5096acbb1
1043,26,temp,2025-06-17T22:18:47,66ce60a4fb392de5096acbb1
1044,48,humidity,2025-06-17T22:18:47,66ce60a4fb392de5096acbb1
1045,200,co2-concentration,2025-06-17T22:21:46,66ce60a4fb392de5096acbb1
1046,26,temp,2025-06-17T22:21:46,66ce60a4fb392de5096acbb1
1047,48,humidity,2025-06-17T22:21:46,66ce60a4fb392de5096acbb1
1048,200,co2-concentration,2025-06-17T22:24:46,66ce60a4fb392de5096acbb1
1049,26,temp,2025-06-17T22:24:46,66ce60a4fb392de5096acbb1
1050,48,humidity,2025-06-17T22:24:46,66ce60a4fb392de5096acbb1
1051,200,co2-concentration,2025-06-17T22:27:45,66ce60a4fb392de5096acbb1
1052,26,temp,2025-06-17T22:27:45,66ce60a4fb392de5096acbb1
1053,48,humidity,2025-06-17T22:27:45,66ce60a4fb392de5096acbb1
1054,200,co2-concentration,2025-06-17T22:30:45,66ce60a4fb392de5096acbb1
1055,26,temp,2025-06-17T22:30:45,66ce60a4fb392de5096acbb1
1056,48,humidity,2025-06-17T22:30:45,66ce60a4fb392de5096acbb1
1057,200,co2-concentration,2025-06-17T22:33:44,66ce60a4fb392de5096acbb1
1058,26,temp,2025-06-17T22:33:44,66ce60a4fb392de5096acbb1
1059,48,humidity,2025-06-17T22:33:44,66ce60a4fb392de5096acbb1
1060,200,co2-concentration,2025-06-17T22:36:44,66ce60a4fb392de5096acbb1
1061,26,temp,2025-06-17T22:36:44,66ce60a4fb392de5096acbb1
1062,48,humidity,2025-06-17T22:36:44,66ce60a4fb392de5096acbb1
1063,200,co2-concentration,2025-06-17T22:39:43,66ce60a4fb392de5096acbb1
1064,26,temp,2025-06-17T22:39:43,66ce60a4fb392de5096acbb1
1065,48,humidity,2025-06-17T22:39:43,66ce60a4fb392de5096acbb1
1066,200,co2-concentration,2025-06-17T22:42:42,66ce60a4fb392de5096acbb1
1067,26,temp,2025-06-17T22:42:42,66ce60a4fb392de5096acbb1
1068,48,humidity,2025-06-17T22:42:42,66ce60a4fb392de5096acbb1
1069,200,co2-concentration,2025-06-17T22:45:42,66ce60a4fb392de5096acbb1
1070,26,temp,2025-06-17T22:45:42,66ce60a4fb392de5096acbb1
1071,49,humidity,2025-06-17T22:45:42,66ce60a4fb392de5096acbb1
1072,200,co2-concentration,2025-06-17T22:48:41,66ce60a4fb392de5096acbb1
1073,26,temp,2025-06-17T22:48:41,66ce60a4fb392de5096acbb1
1074,49,humidity,2025-06-17T22:48:41,66ce60a4fb392de5096acbb1
1075,200,co2-concentration,2025-06-17T22:51:41,66ce60a4fb392de5096acbb1
1076,26,temp,2025-06-17T22:51:41,66ce60a4fb392de5096acbb1
1077,49,humidity,2025-06-17T22:51:41,66ce60a4fb392de5096acbb1
1078,200,co2-concentration,2025-06-17T22:54:40,66ce60a4fb392de5096acbb1
1079,26,temp,2025-06-17T22:54:40,66ce60a4fb392de5096acbb1
1080,49,humidity,2025-06-17T22:54:40,66ce60a4fb392de5096acbb1
1081,200,co2-concentration,2025-06-17T22:57:40,66ce60a4fb392de5096acbb1
1082,26,temp,2025-06-17T22:57:40,66ce60a4fb392de5096acbb1
1083,49,humidity,2025-06-17T22:57:40,66ce60a4fb392de5096acbb1
1084,200,co2-concentration,2025-06-17T23:00:39,66ce60a4fb392de5096acbb1
1085,26,temp,2025-06-17T23:00:39,66ce60a4fb392de5096acbb1
1086,49,humidity,2025-06-17T23:00:39,66ce60a4fb392de5096acbb1
1087,200,co2-concentration,2025-06-17T23:03:39,66ce60a4fb392de5096acbb1
1088,26,temp,2025-06-17T23:03:39,66ce60a4fb392de5096acbb1
1089,49,humidity,2025-06-17T23:03:39,66ce60a4fb392de5096acbb1
1090,200,co2-concentration,2025-06-17T23:06:38,66ce60a4fb392de5096acbb1
1091,26,temp,2025-06-17T23:06:38,66ce60a4fb392de5096acbb1
1092,49,humidity,2025-06-17T23:06:38,66ce60a4fb392de5096acbb1
1093,200,co2-concentration,2025-06-17T23:09:38,66ce60a4fb392de5096acbb1
1094,26,temp,2025-06-17T23:09:38,66ce60a4fb392de5096acbb1
1095,50,humidity,2025-06-17T23:09:38,66ce60a4fb392de5096acbb1
1096,200,co2-concentration,2025-06-17T23:12:37,66ce60a4fb392de5096acbb1
1097,26,temp,2025-06-17T23:12:37,66ce60a4fb392de5096acbb1
1098,50,humidity,2025-06-17T23:12:37,66ce60a4fb392de5096acbb1
1099,200,co2-concentration,2025-06-17T23:15:37,66ce60a4fb392de5096acbb1
1100,26,temp,2025-06-17T23:15:37,66ce60a4fb392de5096acbb1
1101,50,humidity,2025-06-17T23:15:37,66ce60a4fb392de5096acbb1
1102,200,co2-concentration,2025-06-17T23:18:36,66ce60a4fb392de5096acbb1
1103,26,temp,2025-06-17T23:18:36,66ce60a4fb392de5096acbb1
1104,50,humidity,2025-06-17T23:18:36,66ce60a4fb392de5096acbb1
1105,200,co2-concentration,2025-06-17T23:21:36,66ce60a4fb392de5096acbb1
1106,26,temp,2025-06-17T23:21:36,66ce60a4fb392de5096acbb1
1107,50,humidity,2025-06-17T23:21:36,66ce60a4fb392de5096acbb1
1108,200,co2-concentration,2025-06-17T23:24:36,66ce60a4fb392de5096acbb1
1109,26,temp,2025-06-17T23:24:36,66ce60a4fb392de5096acbb1
1110,50,humidity,2025-06-17T23:24:36,66ce60a4fb392de5096acbb1
1111,200,co2-concentration,2025-06-17T23:27:35,66ce60a4fb392de5096acbb1
1112,26,temp,2025-06-17T23:27:35,66ce60a4fb392de5096acbb1
1113,50,humidity,2025-06-17T23:27:35,66ce60a4fb392de5096acbb1
1114,200,co2-concentration,2025-06-17T23:30:35,66ce60a4fb392de5096acbb1
1115,26,temp,2025-06-17T23:30:35,66ce60a4fb392de5096acbb1
1116,51,humidity,2025-06-17T23:30:35,66ce60a4fb392de5096acbb1
1117,200,co2-concentration,2025-06-17T23:33:34,66ce60a4fb392de5096acbb1
1118,26,temp,2025-06-17T23:33:34,66ce60a4fb392de5096acbb1
1119,51,humidity,2025-06-17T23:33:34,66ce60a4fb392de5096acbb1
1120,200,co2-concentration,2025-06-17T23:36:33,66ce60a4fb392de5096acbb1
1121,26,temp,2025-06-17T23:36:33,66ce60a4fb392de5096acbb1
1122,51,humidity,2025-06-17T23:36:33,66ce60a4fb392de5096acbb1
1123,200,co2-concentration,2025-06-17T23:39:33,66ce60a4fb392de5096acbb1
1124,26,temp,2025-06-17T23:39:33,66ce60a4fb392de5096acbb1
1125,51,humidity,2025-06-17T23:39:33,66ce60a4fb392de5096acbb1
1126,200,co2-concentration,2025-06-17T23:42:32,66ce60a4fb392de5096acbb1
1127,26,temp,2025-06-17T23:42:32,66ce60a4fb392de5096acbb1
1128,51,humidity,2025-06-17T23:42:32,66ce60a4fb392de5096acbb1
1129,200,co2-concentration,2025-06-17T23:45:32,66ce60a4fb392de5096acbb1
1130,26,temp,2025-06-17T23:45:32,66ce60a4fb392de5096acbb1
1131,51,humidity,2025-06-17T23:45:32,66ce60a4fb392de5096acbb1
1132,200,co2-concentration,2025-06-17T23:48:31,66ce60a4fb392de5096acbb1
1133,26,temp,2025-06-17T23:48:31,66ce60a4fb392de5096acbb1
1134,51,humidity,2025-06-17T23:48:31,66ce60a4fb392de5096acbb1
1135,200,co2-concentration,2025-06-17T23:51:31,66ce60a4fb392de5096acbb1
1136,26,temp,2025-06-17T23:51:31,66ce60a4fb392de5096acbb1
1137,52,humidity,2025-06-17T23:51:31,66ce60a4fb392de5096acbb1
1138,200,co2-concentration,2025-06-17T23:54:31,66ce60a4fb392de5096acbb1
1139,26,temp,2025-06-17T23:54:31,66ce60a4fb392de5096acbb1
1140,52,humidity,2025-06-17T23:54:31,66ce60a4fb392de5096acbb1
1141,200,co2-concentration,2025-06-17T23:57:30,66ce60a4fb392de5096acbb1
1142,26,temp,2025-06-17T23:57:30,66ce60a4fb392de5096acbb1
1143,52,humidity,2025-06-17T23:57:30,66ce60a4fb392de5096acbb1
1144,200,co2-concentration,2025-06-18T00:00:30,66ce60a4fb392de5096acbb1
1145,26,temp,2025-06-18T00:00:30,66ce60a4fb392de5096acbb1
1146,52,humidity,2025-06-18T00:00:30,66ce60a4fb392de5096acbb1
1147,200,co2-concentration,2025-06-18T00:03:29,66ce60a4fb392de5096acbb1
1148,26,temp,2025-06-18T00:03:29,66ce60a4fb392de5096acbb1
1149,52,humidity,2025-06-18T00:03:29,66ce60a4fb392de5096acbb1
1150,200,co2-concentration,2025-06-18T00:06:29,66ce60a4fb392de5096acbb1
1151,26,temp,2025-06-18T00:06:29,66ce60a4fb392de5096acbb1
1152,52,humidity,2025-06-18T00:06:29,66ce60a4fb392de5096acbb1
1153,200,co2-concentration,2025-06-18T00:09:29,66ce60a4fb392de5096acbb1
1154,26,temp,2025-06-18T00:09:29,66ce60a4fb392de5096acbb1
1155,52,humidity,2025-06-18T00:09:29,66ce60a4fb392de5096acbb1
1156,200,co2-concentration,2025-06-18T00:12:29,66ce60a4fb392de5096acbb1
1157,26,temp,2025-06-18T00:12:29,66ce60a4fb392de5096acbb1
1158,53,humidity,2025-06-18T00:12:29,66ce60a4fb392de5096acbb1
1159,200,co2-concentration,2025-06-18T00:15:28,66ce60a4fb392de5096acbb1
1160,26,temp,2025-06-18T00:15:28,66ce60a4fb392de5096acbb1
1161,53,humidity,2025-06-18T00:15:28,66ce60a4fb392de5096acbb1
1162,200,co2-concentration,2025-06-18T00:18:28,66ce60a4fb392de5096acbb1
1163,26,temp,2025-06-18T00:18:28,66ce60a4fb392de5096acbb1
1164,53,humidity,2025-06-18T00:18:28,66ce60a4fb392de5096acbb1
1165,200,co2-concentration,2025-06-18T00:21:28,66ce60a4fb392de5096acbb1
1166,26,temp,2025-06-18T00:21:28,66ce60a4fb392de5096acbb1
1167,53,humidity,2025-06-18T00:21:28,66ce60a4fb392de5096acbb1
1168,200,co2-concentration,2025-06-18T00:24:27,66ce60a4fb392de5096acbb1
1169,26,temp,2025-06-18T00:24:27,66ce60a4fb392de5096acbb1
1170,54,humidity,2025-06-18T00:24:27,66ce60a4fb392de5096acbb1
1171,200,co2-concentration,2025-06-18T00:27:26,66ce60a4fb392de5096acbb1
1172,26,temp,2025-06-18T00:27:26,66ce60a4fb392de5096acbb1
1173,54,humidity,2025-06-18T00:27:26,66ce60a4fb392de5096acbb1
1174,200,co2-concentration,2025-06-18T00:30:26,66ce60a4fb392de5096acbb1
1175,26,temp,2025-06-18T00:30:26,66ce60a4fb392de5096acbb1
1176,54,humidity,2025-06-18T00:30:26,66ce60a4fb392de5096acbb1
1177,200,co2-concentration,2025-06-18T00:33:25,66ce60a4fb392de5096acbb1
1178,26,temp,2025-06-18T00:33:25,66ce60a4fb392de5096acbb1
1179,54,humidity,2025-06-18T00:33:25,66ce60a4fb392de5096acbb1
1180,200,co2-concentration,2025-06-18T00:36:25,66ce60a4fb392de5096acbb1
1181,26,temp,2025-06-18T00:36:25,66ce60a4fb392de5096acbb1
1182,54,humidity,2025-06-18T00:36:25,66ce60a4fb392de5096acbb1
1183,200,co2-concentration,2025-06-18T00:39:24,66ce60a4fb392de5096acbb1
1184,26,temp,2025-06-18T00:39:24,66ce60a4fb392de5096acbb1
1185,54,humidity,2025-06-18T00:39:24,66ce60a4fb392de5096acbb1
1186,200,co2-concentration,2025-06-18T00:42:24,66ce60a4fb392de5096acbb1
1187,26,temp,2025-06-18T00:42:24,66ce60a4fb392de5096acbb1
1188,55,humidity,2025-06-18T00:42:24,66ce60a4fb392de5096acbb1
1189,200,co2-concentration,2025-06-18T00:45:23,66ce60a4fb392de5096acbb1
1190,26,temp,2025-06-18T00:45:23,66ce60a4fb392de5096acbb1
1191,55,humidity,2025-06-18T00:45:23,66ce60a4fb392de5096acbb1
1192,200,co2-concentration,2025-06-18T00:48:22,66ce60a4fb392de5096acbb1
1193,26,temp,2025-06-18T00:48:22,66ce60a4fb392de5096acbb1
1194,55,humidity,2025-06-18T00:48:22,66ce60a4fb392de5096acbb1
1195,200,co2-concentration,2025-06-18T00:51:22,66ce60a4fb392de5096acbb1
1196,26,temp,2025-06-18T00:51:22,66ce60a4fb392de5096acbb1
1197,55,humidity,2025-06-18T00:51:22,66ce60a4fb392de5096acbb1
1198,200,co2-concentration,2025-06-18T00:54:21,66ce60a4fb392de5096acbb1
1199,27,temp,2025-06-18T00:54:21,66ce60a4fb392de5096acbb1
1200,55,humidity,2025-06-18T00:54:21,66ce60a4fb392de5096acbb1
1201,200,co2-concentration,2025-06-18T00:57:20,66ce60a4fb392de5096acbb1
1202,27,temp,2025-06-18T00:57:20,66ce60a4fb392de5096acbb1
1203,55,humidity,2025-06-18T00:57:20,66ce60a4fb392de5096acbb1
1204,200,co2-concentration,2025-06-18T01:00:20,66ce60a4fb392de5096acbb1
1205,27,temp,2025-06-18T01:00:20,66ce60a4fb392de5096acbb1
1206,55,humidity,2025-06-18T01:00:20,66ce60a4fb392de5096acbb1
1207,200,co2-concentration,2025-06-18T01:03:19,66ce60a4fb392de5096acbb1
1208,27,temp,2025-06-18T01:03:19,66ce60a4fb392de5096acbb1
1209,55,humidity,2025-06-18T01:03:19,66ce60a4fb392de5096acbb1
1210,200,co2-concentration,2025-06-18T01:06:19,66ce60a4fb392de5096acbb1
1211,26,temp,2025-06-18T01:06:19,66ce60a4fb392de5096acbb1
1212,55,humidity,2025-06-18T01:06:19,66ce60a4fb392de5096acbb1
1213,200,co2-concentration,2025-06-18T01:09:18,66ce60a4fb392de5096acbb1
1214,26,temp,2025-06-18T01:09:18,66ce60a4fb392de5096acbb1
1215,55,humidity,2025-06-18T01:09:18,66ce60a4fb392de5096acbb1
1216,200,co2-concentration,2025-06-18T01:12:18,66ce60a4fb392de5096acbb1
1217,26,temp,2025-06-18T01:12:18,66ce60a4fb392de5096acbb1
1218,56,humidity,2025-06-18T01:12:18,66ce60a4fb392de5096acbb1
1219,200,co2-concentration,2025-06-18T01:15:17,66ce60a4fb392de5096acbb1
1220,26,temp,2025-06-18T01:15:17,66ce60a4fb392de5096acbb1
1221,56,humidity,2025-06-18T01:15:17,66ce60a4fb392de5096acbb1
1222,200,co2-concentration,2025-06-18T01:18:17,66ce60a4fb392de5096acbb1
1223,26,temp,2025-06-18T01:18:17,66ce60a4fb392de5096acbb1
1224,56,humidity,2025-06-18T01:18:17,66ce60a4fb392de5096acbb1
1225,200,co2-concentration,2025-06-18T01:21:16,66ce60a4fb392de5096acbb1
1226,27,temp,2025-06-18T01:21:16,66ce60a4fb392de5096acbb1
1227,56,humidity,2025-06-18T01:21:16,66ce60a4fb392de5096acbb1
1228,200,co2-concentration,2025-06-18T01:24:16,66ce60a4fb392de5096acbb1
1229,27,temp,2025-06-18T01:24:16,66ce60a4fb392de5096acbb1
1230,56,humidity,2025-06-18T01:24:16,66ce60a4fb392de5096acbb1
1231,200,co2-concentration,2025-06-18T01:27:15,66ce60a4fb392de5096acbb1
1232,27,temp,2025-06-18T01:27:15,66ce60a4fb392de5096acbb1
1233,56,humidity,2025-06-18T01:27:15,66ce60a4fb392de5096acbb1
1234,200,co2-concentration,2025-06-18T01:30:15,66ce60a4fb392de5096acbb1
1235,27,temp,2025-06-18T01:30:15,66ce60a4fb392de5096acbb1
1236,56,humidity,2025-06-18T01:30:15,66ce60a4fb392de5096acbb1
1237,200,co2-concentration,2025-06-18T01:33:14,66ce60a4fb392de5096acbb1
1238,26,temp,2025-06-18T01:33:14,66ce60a4fb392de5096acbb1
1239,56,humidity,2025-06-18T01:33:14,66ce60a4fb392de5096acbb1
1240,200,co2-concentration,2025-06-18T01:36:14,66ce60a4fb392de5096acbb1
1241,26,temp,2025-06-18T01:36:14,66ce60a4fb392de5096acbb1
1242,56,humidity,2025-06-18T01:36:14,66ce60a4fb392de5096acbb1
1243,200,co2-concentration,2025-06-18T01:39:13,66ce60a4fb392de5096acbb1
1244,26,temp,2025-06-18T01:39:13,66ce60a4fb392de5096acbb1
1245,56,humidity,2025-06-18T01:39:13,66ce60a4fb392de5096acbb1
1246,200,co2-concentration,2025-06-18T01:42:13,66ce60a4fb392de5096acbb1
1247,26,temp,2025-06-18T01:42:13,66ce60a4fb392de5096acbb1
1248,56,humidity,2025-06-18T01:42:13,66ce60a4fb392de5096acbb1
1249,200,co2-concentration,2025-06-18T01:45:12,66ce60a4fb392de5096acbb1
1250,26,temp,2025-06-18T01:45:12,66ce60a4fb392de5096acbb1
1251,57,humidity,2025-06-18T01:45:12,66ce60a4fb392de5096acbb1
1252,200,co2-concentration,2025-06-18T01:48:12,66ce60a4fb392de5096acbb1
1253,27,temp,2025-06-18T01:48:12,66ce60a4fb392de5096acbb1
1254,56,humidity,2025-06-18T01:48:12,66ce60a4fb392de5096acbb1
1255,200,co2-concentration,2025-06-18T01:51:11,66ce60a4fb392de5096acbb1
1256,27,temp,2025-06-18T01:51:11,66ce60a4fb392de5096acbb1
1257,56,humidity,2025-06-18T01:51:11,66ce60a4fb392de5096acbb1
1258,200,co2-concentration,2025-06-18T01:54:11,66ce60a4fb392de5096acbb1
1259,26,temp,2025-06-18T01:54:11,66ce60a4fb392de5096acbb1
1260,57,humidity,2025-06-18T01:54:11,66ce60a4fb392de5096acbb1
1261,200,co2-concentration,2025-06-18T01:57:10,66ce60a4fb392de5096acbb1
1262,26,temp,2025-06-18T01:57:10,66ce60a4fb392de5096acbb1
1263,57,humidity,2025-06-18T01:57:10,66ce60a4fb392de5096acbb1
1264,200,co2-concentration,2025-06-18T02:00:10,66ce60a4fb392de5096acbb1
1265,27,temp,2025-06-18T02:00:10,66ce60a4fb392de5096acbb1
1266,57,humidity,2025-06-18T02:00:10,66ce60a4fb392de5096acbb1
1267,200,co2-concentration,2025-06-18T02:03:09,66ce60a4fb392de5096acbb1
1268,27,temp,2025-06-18T02:03:09,66ce60a4fb392de5096acbb1
1269,57,humidity,2025-06-18T02:03:09,66ce60a4fb392de5096acbb1
1270,200,co2-concentration,2025-06-18T02:06:09,66ce60a4fb392de5096acbb1
1271,27,temp,2025-06-18T02:06:09,66ce60a4fb392de5096acbb1
1272,57,humidity,2025-06-18T02:06:09,66ce60a4fb392de5096acbb1
1273,200,co2-concentration,2025-06-18T02:09:09,66ce60a4fb392de5096acbb1
1274,27,temp,2025-06-18T02:09:09,66ce60a4fb392de5096acbb1
1275,57,humidity,2025-06-18T02:09:09,66ce60a4fb392de5096acbb1
1276,200,co2-concentration,2025-06-18T02:12:08,66ce60a4fb392de5096acbb1
1277,27,temp,2025-06-18T02:12:08,66ce60a4fb392de5096acbb1
1278,57,humidity,2025-06-18T02:12:08,66ce60a4fb392de5096acbb1
1279,200,co2-concentration,2025-06-18T02:15:07,66ce60a4fb392de5096acbb1
1280,27,temp,2025-06-18T02:15:07,66ce60a4fb392de5096acbb1
1281,57,humidity,2025-06-18T02:15:07,66ce60a4fb392de5096acbb1
1282,200,co2-concentration,2025-06-18T02:18:07,66ce60a4fb392de5096acbb1
1283,27,temp,2025-06-18T02:18:07,66ce60a4fb392de5096acbb1
1284,57,humidity,2025-06-18T02:18:07,66ce60a4fb392de5096acbb1
1285,200,co2-concentration,2025-06-18T02:21:06,66ce60a4fb392de5096acbb1
1286,27,temp,2025-06-18T02:21:06,66ce60a4fb392de5096acbb1
1287,57,humidity,2025-06-18T02:21:06,66ce60a4fb392de5096acbb1
1288,200,co2-concentration,2025-06-18T02:24:06,66ce60a4fb392de5096acbb1
1289,27,temp,2025-06-18T02:24:06,66ce60a4fb392de5096acbb1
1290,57,humidity,2025-06-18T02:24:06,66ce60a4fb392de5096acbb1
1291,200,co2-concentration,2025-06-18T02:27:05,66ce60a4fb392de5096acbb1
1292,27,temp,2025-06-18T02:27:05,66ce60a4fb392de5096acbb1
1293,57,humidity,2025-06-18T02:27:05,66ce60a4fb392de5096acbb1
1294,200,co2-concentration,2025-06-18T02:30:05,66ce60a4fb392de5096acbb1
1295,27,temp,2025-06-18T02:30:05,66ce60a4fb392de5096acbb1
1296,57,humidity,2025-06-18T02:30:05,66ce60a4fb392de5096acbb1
1297,200,co2-concentration,2025-06-18T02:33:04,66ce60a4fb392de5096acbb1
1298,27,temp,2025-06-18T02:33:04,66ce60a4fb392de5096acbb1
1299,57,humidity,2025-06-18T02:33:04,66ce60a4fb392de5096acbb1
1300,200,co2-concentration,2025-06-18T02:36:04,66ce60a4fb392de5096acbb1
1301,27,temp,2025-06-18T02:36:04,66ce60a4fb392de5096acbb1
1302,57,humidity,2025-06-18T02:36:04,66ce60a4fb392de5096acbb1
1303,200,co2-concentration,2025-06-18T02:39:03,66ce60a4fb392de5096acbb1
1304,27,temp,2025-06-18T02:39:03,66ce60a4fb392de5096acbb1
1305,58,humidity,2025-06-18T02:39:03,66ce60a4fb392de5096acbb1
1306,200,co2-concentration,2025-06-18T02:42:03,66ce60a4fb392de5096acbb1
1307,26,temp,2025-06-18T02:42:03,66ce60a4fb392de5096acbb1
1308,58,humidity,2025-06-18T02:42:03,66ce60a4fb392de5096acbb1
1309,200,co2-concentration,2025-06-18T02:45:02,66ce60a4fb392de5096acbb1
1310,27,temp,2025-06-18T02:45:02,66ce60a4fb392de5096acbb1
1311,58,humidity,2025-06-18T02:45:02,66ce60a4fb392de5096acbb1
1312,200,co2-concentration,2025-06-18T02:48:02,66ce60a4fb392de5096acbb1
1313,26,temp,2025-06-18T02:48:02,66ce60a4fb392de5096acbb1
1314,58,humidity,2025-06-18T02:48:02,66ce60a4fb392de5096acbb1
1315,200,co2-concentration,2025-06-18T02:51:01,66ce60a4fb392de5096acbb1
1316,27,temp,2025-06-18T02:51:01,66ce60a4fb392de5096acbb1
1317,58,humidity,2025-06-18T02:51:01,66ce60a4fb392de5096acbb1
1318,200,co2-concentration,2025-06-18T02:54:01,66ce60a4fb392de5096acbb1
1319,27,temp,2025-06-18T02:54:01,66ce60a4fb392de5096acbb1
1320,58,humidity,2025-06-18T02:54:01,66ce60a4fb392de5096acbb1
1321,200,co2-concentration,2025-06-18T02:57:00,66ce60a4fb392de5096acbb1
1322,27,temp,2025-06-18T02:57:00,66ce60a4fb392de5096acbb1
1323,58,humidity,2025-06-18T02:57:00,66ce60a4fb392de5096acbb1
1324,200,co2-concentration,2025-06-18T03:00:00,66ce60a4fb392de5096acbb1
1325,27,temp,2025-06-18T03:00:00,66ce60a4fb392de5096acbb1
1326,58,humidity,2025-06-18T03:00:00,66ce60a4fb392de5096acbb1
1327,200,co2-concentration,2025-06-18T03:02:59,66ce60a4fb392de5096acbb1
1328,26,temp,2025-06-18T03:02:59,66ce60a4fb392de5096acbb1
1329,58,humidity,2025-06-18T03:02:59,66ce60a4fb392de5096acbb1
1330,200,co2-concentration,2025-06-18T03:05:59,66ce60a4fb392de5096acbb1
1331,26,temp,2025-06-18T03:05:59,66ce60a4fb392de5096acbb1
1332,58,humidity,2025-06-18T03:05:59,66ce60a4fb392de5096acbb1
1333,200,co2-concentration,2025-06-18T03:08:58,66ce60a4fb392de5096acbb1
1334,26,temp,2025-06-18T03:08:58,66ce60a4fb392de5096acbb1
1335,58,humidity,2025-06-18T03:08:58,66ce60a4fb392de5096acbb1
1336,200,co2-concentration,2025-06-18T03:11:58,66ce60a4fb392de5096acbb1
1337,26,temp,2025-06-18T03:11:58,66ce60a4fb392de5096acbb1
1338,58,humidity,2025-06-18T03:11:58,66ce60a4fb392de5096acbb1
1339,200,co2-concentration,2025-06-18T03:14:57,66ce60a4fb392de5096acbb1
1340,26,temp,2025-06-18T03:14:57,66ce60a4fb392de5096acbb1
1341,58,humidity,2025-06-18T03:14:57,66ce60a4fb392de5096acbb1
1342,200,co2-concentration,2025-06-18T03:17:57,66ce60a4fb392de5096acbb1
1343,26,temp,2025-06-18T03:17:57,66ce60a4fb392de5096acbb1
1344,58,humidity,2025-06-18T03:17:57,66ce60a4fb392de5096acbb1
1345,200,co2-concentration,2025-06-18T03:20:56,66ce60a4fb392de5096acbb1
1346,26,temp,2025-06-18T03:20:56,66ce60a4fb392de5096acbb1
1347,58,humidity,2025-06-18T03:20:56,66ce60a4fb392de5096acbb1
1348,200,co2-concentration,2025-06-18T03:23:56,66ce60a4fb392de5096acbb1
1349,27,temp,2025-06-18T03:23:56,66ce60a4fb392de5096acbb1
1350,58,humidity,2025-06-18T03:23:56,66ce60a4fb392de5096acbb1
1351,200,co2-concentration,2025-06-18T03:26:55,66ce60a4fb392de5096acbb1
1352,27,temp,2025-06-18T03:26:55,66ce60a4fb392de5096acbb1
1353,58,humidity,2025-06-18T03:26:55,66ce60a4fb392de5096acbb1
1354,200,co2-concentration,2025-06-18T03:29:54,66ce60a4fb392de5096acbb1
1355,27,temp,2025-06-18T03:29:54,66ce60a4fb392de5096acbb1
1356,58,humidity,2025-06-18T03:29:54,66ce60a4fb392de5096acbb1
1357,200,co2-concentration,2025-06-18T03:32:54,66ce60a4fb392de5096acbb1
1358,26,temp,2025-06-18T03:32:54,66ce60a4fb392de5096acbb1
1359,58,humidity,2025-06-18T03:32:54,66ce60a4fb392de5096acbb1
1360,200,co2-concentration,2025-06-18T03:35:54,66ce60a4fb392de5096acbb1
1361,26,temp,2025-06-18T03:35:54,66ce60a4fb392de5096acbb1
1362,58,humidity,2025-06-18T03:35:54,66ce60a4fb392de5096acbb1
1363,200,co2-concentration,2025-06-18T03:38:53,66ce60a4fb392de5096acbb1
1364,26,temp,2025-06-18T03:38:53,66ce60a4fb392de5096acbb1
1365,58,humidity,2025-06-18T03:38:53,66ce60a4fb392de5096acbb1
1366,200,co2-concentration,2025-06-18T03:41:53,66ce60a4fb392de5096acbb1
1367,26,temp,2025-06-18T03:41:53,66ce60a4fb392de5096acbb1
1368,58,humidity,2025-06-18T03:41:53,66ce60a4fb392de5096acbb1
1369,200,co2-concentration,2025-06-18T03:44:52,66ce60a4fb392de5096acbb1
1370,27,temp,2025-06-18T03:44:52,66ce60a4fb392de5096acbb1
1371,58,humidity,2025-06-18T03:44:52,66ce60a4fb392de5096acbb1
1372,200,co2-concentration,2025-06-18T03:47:52,66ce60a4fb392de5096acbb1
1373,27,temp,2025-06-18T03:47:52,66ce60a4fb392de5096acbb1
1374,58,humidity,2025-06-18T03:47:52,66ce60a4fb392de5096acbb1
1375,200,co2-concentration,2025-06-18T03:50:51,66ce60a4fb392de5096acbb1
1376,26,temp,2025-06-18T03:50:51,66ce60a4fb392de5096acbb1
1377,58,humidity,2025-06-18T03:50:51,66ce60a4fb392de5096acbb1
1378,200,co2-concentration,2025-06-18T03:53:51,66ce60a4fb392de5096acbb1
1379,26,temp,2025-06-18T03:53:51,66ce60a4fb392de5096acbb1
1380,58,humidity,2025-06-18T03:53:51,66ce60a4fb392de5096acbb1
1381,200,co2-concentration,2025-06-18T03:56:50,66ce60a4fb392de5096acbb1
1382,27,temp,2025-06-18T03:56:50,66ce60a4fb392de5096acbb1
1383,58,humidity,2025-06-18T03:56:50,66ce60a4fb392de5096acbb1
1384,200,co2-concentration,2025-06-18T03:59:49,66ce60a4fb392de5096acbb1
1385,26,temp,2025-06-18T03:59:49,66ce60a4fb392de5096acbb1
1386,59,humidity,2025-06-18T03:59:49,66ce60a4fb392de5096acbb1
1387,200,co2-concentration,2025-06-18T04:02:49,66ce60a4fb392de5096acbb1
1388,26,temp,2025-06-18T04:02:49,66ce60a4fb392de5096acbb1
1389,59,humidity,2025-06-18T04:02:49,66ce60a4fb392de5096acbb1
1390,200,co2-concentration,2025-06-18T04:05:48,66ce60a4fb392de5096acbb1
1391,26,temp,2025-06-18T04:05:48,66ce60a4fb392de5096acbb1
1392,59,humidity,2025-06-18T04:05:48,66ce60a4fb392de5096acbb1
1393,200,co2-concentration,2025-06-18T04:08:48,66ce60a4fb392de5096acbb1
1394,26,temp,2025-06-18T04:08:48,66ce60a4fb392de5096acbb1
1395,59,humidity,2025-06-18T04:08:48,66ce60a4fb392de5096acbb1
1396,200,co2-concentration,2025-06-18T04:11:47,66ce60a4fb392de5096acbb1
1397,26,temp,2025-06-18T04:11:47,66ce60a4fb392de5096acbb1
1398,59,humidity,2025-06-18T04:11:47,66ce60a4fb392de5096acbb1
1399,200,co2-concentration,2025-06-18T04:14:47,66ce60a4fb392de5096acbb1
1400,26,temp,2025-06-18T04:14:47,66ce60a4fb392de5096acbb1
1401,59,humidity,2025-06-18T04:14:47,66ce60a4fb392de5096acbb1
1402,200,co2-concentration,2025-06-18T04:17:46,66ce60a4fb392de5096acbb1
1403,26,temp,2025-06-18T04:17:46,66ce60a4fb392de5096acbb1
1404,59,humidity,2025-06-18T04:17:46,66ce60a4fb392de5096acbb1
1405,200,co2-concentration,2025-06-18T04:20:46,66ce60a4fb392de5096acbb1
1406,26,temp,2025-06-18T04:20:46,66ce60a4fb392de5096acbb1
1407,59,humidity,2025-06-18T04:20:46,66ce60a4fb392de5096acbb1
1408,200,co2-concentration,2025-06-18T04:23:45,66ce60a4fb392de5096acbb1
1409,26,temp,2025-06-18T04:23:45,66ce60a4fb392de5096acbb1
1410,59,humidity,2025-06-18T04:23:45,66ce60a4fb392de5096acbb1
1411,200,co2-concentration,2025-06-18T04:26:45,66ce60a4fb392de5096acbb1
1412,26,temp,2025-06-18T04:26:45,66ce60a4fb392de5096acbb1
1413,59,humidity,2025-06-18T04:26:45,66ce60a4fb392de5096acbb1
1414,200,co2-concentration,2025-06-18T04:29:44,66ce60a4fb392de5096acbb1
1415,26,temp,2025-06-18T04:29:44,66ce60a4fb392de5096acbb1
1416,59,humidity,2025-06-18T04:29:44,66ce60a4fb392de5096acbb1
1417,200,co2-concentration,2025-06-18T04:32:44,66ce60a4fb392de5096acbb1
1418,26,temp,2025-06-18T04:32:44,66ce60a4fb392de5096acbb1
1419,59,humidity,2025-06-18T04:32:44,66ce60a4fb392de5096acbb1
1420,200,co2-concentration,2025-06-18T04:35:44,66ce60a4fb392de5096acbb1
1421,26,temp,2025-06-18T04:35:44,66ce60a4fb392de5096acbb1
1422,59,humidity,2025-06-18T04:35:44,66ce60a4fb392de5096acbb1
1423,200,co2-concentration,2025-06-18T04:38:44,66ce60a4fb392de5096acbb1
1424,26,temp,2025-06-18T04:38:44,66ce60a4fb392de5096acbb1
1425,59,humidity,2025-06-18T04:38:44,66ce60a4fb392de5096acbb1
1426,200,co2-concentration,2025-06-18T04:41:43,66ce60a4fb392de5096acbb1
1427,26,temp,2025-06-18T04:41:43,66ce60a4fb392de5096acbb1
1428,59,humidity,2025-06-18T04:41:43,66ce60a4fb392de5096acbb1
1429,200,co2-concentration,2025-06-18T04:44:43,66ce60a4fb392de5096acbb1
1430,26,temp,2025-06-18T04:44:43,66ce60a4fb392de5096acbb1
1431,59,humidity,2025-06-18T04:44:43,66ce60a4fb392de5096acbb1
1432,200,co2-concentration,2025-06-18T04:47:42,66ce60a4fb392de5096acbb1
1433,26,temp,2025-06-18T04:47:42,66ce60a4fb392de5096acbb1
1434,59,humidity,2025-06-18T04:47:42,66ce60a4fb392de5096acbb1
1435,200,co2-concentration,2025-06-18T04:50:42,66ce60a4fb392de5096acbb1
1436,26,temp,2025-06-18T04:50:42,66ce60a4fb392de5096acbb1
1437,59,humidity,2025-06-18T04:50:42,66ce60a4fb392de5096acbb1
1438,200,co2-concentration,2025-06-18T04:53:41,66ce60a4fb392de5096acbb1
1439,26,temp,2025-06-18T04:53:41,66ce60a4fb392de5096acbb1
1440,59,humidity,2025-06-18T04:53:41,66ce60a4fb392de5096acbb1
1441,200,co2-concentration,2025-06-18T04:56:40,66ce60a4fb392de5096acbb1
1442,26,temp,2025-06-18T04:56:40,66ce60a4fb392de5096acbb1
1443,59,humidity,2025-06-18T04:56:40,66ce60a4fb392de5096acbb1
1444,200,co2-concentration,2025-06-18T04:59:40,66ce60a4fb392de5096acbb1
1445,26,temp,2025-06-18T04:59:40,66ce60a4fb392de5096acbb1
1446,59,humidity,2025-06-18T04:59:40,66ce60a4fb392de5096acbb1
