﻿S.No,data,type,sensedAt,id_sensor
1,200,co2-concentration,2025-06-17T05:02:41,66ce6047fb392de5096ac9f9
2,26,temp,2025-06-17T05:02:41,66ce6047fb392de5096ac9f9
3,61,humidity,2025-06-17T05:02:41,66ce6047fb392de5096ac9f9
4,200,co2-concentration,2025-06-17T05:05:42,66ce6047fb392de5096ac9f9
5,26,temp,2025-06-17T05:05:42,66ce6047fb392de5096ac9f9
6,61,humidity,2025-06-17T05:05:42,66ce6047fb392de5096ac9f9
7,200,co2-concentration,2025-06-17T05:08:42,66ce6047fb392de5096ac9f9
8,26,temp,2025-06-17T05:08:42,66ce6047fb392de5096ac9f9
9,61,humidity,2025-06-17T05:08:42,66ce6047fb392de5096ac9f9
10,200,co2-concentration,2025-06-17T05:11:42,66ce6047fb392de5096ac9f9
11,26,temp,2025-06-17T05:11:42,66ce6047fb392de5096ac9f9
12,61,humidity,2025-06-17T05:11:42,66ce6047fb392de5096ac9f9
13,200,co2-concentration,2025-06-17T05:14:44,66ce6047fb392de5096ac9f9
14,26,temp,2025-06-17T05:14:44,66ce6047fb392de5096ac9f9
15,61,humidity,2025-06-17T05:14:44,66ce6047fb392de5096ac9f9
16,200,co2-concentration,2025-06-17T05:17:44,66ce6047fb392de5096ac9f9
17,26,temp,2025-06-17T05:17:44,66ce6047fb392de5096ac9f9
18,61,humidity,2025-06-17T05:17:44,66ce6047fb392de5096ac9f9
19,200,co2-concentration,2025-06-17T05:20:45,66ce6047fb392de5096ac9f9
20,26,temp,2025-06-17T05:20:45,66ce6047fb392de5096ac9f9
21,61,humidity,2025-06-17T05:20:45,66ce6047fb392de5096ac9f9
22,200,co2-concentration,2025-06-17T05:23:45,66ce6047fb392de5096ac9f9
23,26,temp,2025-06-17T05:23:45,66ce6047fb392de5096ac9f9
24,61,humidity,2025-06-17T05:23:45,66ce6047fb392de5096ac9f9
25,200,co2-concentration,2025-06-17T05:26:45,66ce6047fb392de5096ac9f9
26,26,temp,2025-06-17T05:26:45,66ce6047fb392de5096ac9f9
27,61,humidity,2025-06-17T05:26:45,66ce6047fb392de5096ac9f9
28,200,co2-concentration,2025-06-17T05:29:45,66ce6047fb392de5096ac9f9
29,26,temp,2025-06-17T05:29:45,66ce6047fb392de5096ac9f9
30,61,humidity,2025-06-17T05:29:45,66ce6047fb392de5096ac9f9
31,200,co2-concentration,2025-06-17T05:32:46,66ce6047fb392de5096ac9f9
32,26,temp,2025-06-17T05:32:46,66ce6047fb392de5096ac9f9
33,61,humidity,2025-06-17T05:32:46,66ce6047fb392de5096ac9f9
34,200,co2-concentration,2025-06-17T05:35:46,66ce6047fb392de5096ac9f9
35,26,temp,2025-06-17T05:35:46,66ce6047fb392de5096ac9f9
36,61,humidity,2025-06-17T05:35:46,66ce6047fb392de5096ac9f9
37,200,co2-concentration,2025-06-17T05:38:46,66ce6047fb392de5096ac9f9
38,26,temp,2025-06-17T05:38:46,66ce6047fb392de5096ac9f9
39,61,humidity,2025-06-17T05:38:46,66ce6047fb392de5096ac9f9
40,200,co2-concentration,2025-06-17T05:41:46,66ce6047fb392de5096ac9f9
41,26,temp,2025-06-17T05:41:46,66ce6047fb392de5096ac9f9
42,61,humidity,2025-06-17T05:41:46,66ce6047fb392de5096ac9f9
43,200,co2-concentration,2025-06-17T05:44:47,66ce6047fb392de5096ac9f9
44,26,temp,2025-06-17T05:44:47,66ce6047fb392de5096ac9f9
45,61,humidity,2025-06-17T05:44:47,66ce6047fb392de5096ac9f9
46,200,co2-concentration,2025-06-17T05:47:47,66ce6047fb392de5096ac9f9
47,26,temp,2025-06-17T05:47:47,66ce6047fb392de5096ac9f9
48,61,humidity,2025-06-17T05:47:47,66ce6047fb392de5096ac9f9
49,200,co2-concentration,2025-06-17T05:50:47,66ce6047fb392de5096ac9f9
50,26,temp,2025-06-17T05:50:47,66ce6047fb392de5096ac9f9
51,61,humidity,2025-06-17T05:50:47,66ce6047fb392de5096ac9f9
52,200,co2-concentration,2025-06-17T05:53:47,66ce6047fb392de5096ac9f9
53,26,temp,2025-06-17T05:53:47,66ce6047fb392de5096ac9f9
54,61,humidity,2025-06-17T05:53:47,66ce6047fb392de5096ac9f9
55,200,co2-concentration,2025-06-17T05:56:48,66ce6047fb392de5096ac9f9
56,26,temp,2025-06-17T05:56:48,66ce6047fb392de5096ac9f9
57,61,humidity,2025-06-17T05:56:48,66ce6047fb392de5096ac9f9
58,200,co2-concentration,2025-06-17T05:59:48,66ce6047fb392de5096ac9f9
59,26,temp,2025-06-17T05:59:48,66ce6047fb392de5096ac9f9
60,61,humidity,2025-06-17T05:59:48,66ce6047fb392de5096ac9f9
61,200,co2-concentration,2025-06-17T06:02:48,66ce6047fb392de5096ac9f9
62,26,temp,2025-06-17T06:02:48,66ce6047fb392de5096ac9f9
63,61,humidity,2025-06-17T06:02:48,66ce6047fb392de5096ac9f9
64,200,co2-concentration,2025-06-17T06:05:49,66ce6047fb392de5096ac9f9
65,26,temp,2025-06-17T06:05:49,66ce6047fb392de5096ac9f9
66,61,humidity,2025-06-17T06:05:49,66ce6047fb392de5096ac9f9
67,200,co2-concentration,2025-06-17T06:08:49,66ce6047fb392de5096ac9f9
68,26,temp,2025-06-17T06:08:49,66ce6047fb392de5096ac9f9
69,61,humidity,2025-06-17T06:08:49,66ce6047fb392de5096ac9f9
70,200,co2-concentration,2025-06-17T06:11:49,66ce6047fb392de5096ac9f9
71,26,temp,2025-06-17T06:11:49,66ce6047fb392de5096ac9f9
72,61,humidity,2025-06-17T06:11:49,66ce6047fb392de5096ac9f9
73,200,co2-concentration,2025-06-17T06:14:49,66ce6047fb392de5096ac9f9
74,26,temp,2025-06-17T06:14:49,66ce6047fb392de5096ac9f9
75,61,humidity,2025-06-17T06:14:49,66ce6047fb392de5096ac9f9
76,200,co2-concentration,2025-06-17T06:20:53,66ce6047fb392de5096ac9f9
77,26,temp,2025-06-17T06:20:53,66ce6047fb392de5096ac9f9
78,61,humidity,2025-06-17T06:20:53,66ce6047fb392de5096ac9f9
79,200,co2-concentration,2025-06-17T06:23:53,66ce6047fb392de5096ac9f9
80,26,temp,2025-06-17T06:23:53,66ce6047fb392de5096ac9f9
81,61,humidity,2025-06-17T06:23:53,66ce6047fb392de5096ac9f9
82,200,co2-concentration,2025-06-17T06:26:53,66ce6047fb392de5096ac9f9
83,26,temp,2025-06-17T06:26:53,66ce6047fb392de5096ac9f9
84,61,humidity,2025-06-17T06:26:53,66ce6047fb392de5096ac9f9
85,200,co2-concentration,2025-06-17T06:29:53,66ce6047fb392de5096ac9f9
86,26,temp,2025-06-17T06:29:53,66ce6047fb392de5096ac9f9
87,61,humidity,2025-06-17T06:29:53,66ce6047fb392de5096ac9f9
88,200,co2-concentration,2025-06-17T06:32:54,66ce6047fb392de5096ac9f9
89,26,temp,2025-06-17T06:32:54,66ce6047fb392de5096ac9f9
90,61,humidity,2025-06-17T06:32:54,66ce6047fb392de5096ac9f9
91,200,co2-concentration,2025-06-17T06:35:54,66ce6047fb392de5096ac9f9
92,26,temp,2025-06-17T06:35:54,66ce6047fb392de5096ac9f9
93,61,humidity,2025-06-17T06:35:54,66ce6047fb392de5096ac9f9
94,200,co2-concentration,2025-06-17T06:38:54,66ce6047fb392de5096ac9f9
95,26,temp,2025-06-17T06:38:54,66ce6047fb392de5096ac9f9
96,61,humidity,2025-06-17T06:38:54,66ce6047fb392de5096ac9f9
97,200,co2-concentration,2025-06-17T06:41:54,66ce6047fb392de5096ac9f9
98,26,temp,2025-06-17T06:41:54,66ce6047fb392de5096ac9f9
99,61,humidity,2025-06-17T06:41:54,66ce6047fb392de5096ac9f9
100,200,co2-concentration,2025-06-17T06:44:55,66ce6047fb392de5096ac9f9
101,26,temp,2025-06-17T06:44:55,66ce6047fb392de5096ac9f9
102,61,humidity,2025-06-17T06:44:55,66ce6047fb392de5096ac9f9
103,200,co2-concentration,2025-06-17T06:47:55,66ce6047fb392de5096ac9f9
104,26,temp,2025-06-17T06:47:55,66ce6047fb392de5096ac9f9
105,61,humidity,2025-06-17T06:47:55,66ce6047fb392de5096ac9f9
106,200,co2-concentration,2025-06-17T06:50:55,66ce6047fb392de5096ac9f9
107,26,temp,2025-06-17T06:50:55,66ce6047fb392de5096ac9f9
108,61,humidity,2025-06-17T06:50:55,66ce6047fb392de5096ac9f9
109,200,co2-concentration,2025-06-17T06:53:55,66ce6047fb392de5096ac9f9
110,26,temp,2025-06-17T06:53:55,66ce6047fb392de5096ac9f9
111,61,humidity,2025-06-17T06:53:55,66ce6047fb392de5096ac9f9
112,200,co2-concentration,2025-06-17T06:56:56,66ce6047fb392de5096ac9f9
113,26,temp,2025-06-17T06:56:56,66ce6047fb392de5096ac9f9
114,61,humidity,2025-06-17T06:56:56,66ce6047fb392de5096ac9f9
115,200,co2-concentration,2025-06-17T06:59:56,66ce6047fb392de5096ac9f9
116,26,temp,2025-06-17T06:59:56,66ce6047fb392de5096ac9f9
117,61,humidity,2025-06-17T06:59:56,66ce6047fb392de5096ac9f9
118,200,co2-concentration,2025-06-17T07:02:56,66ce6047fb392de5096ac9f9
119,26,temp,2025-06-17T07:02:56,66ce6047fb392de5096ac9f9
120,61,humidity,2025-06-17T07:02:56,66ce6047fb392de5096ac9f9
121,200,co2-concentration,2025-06-17T07:05:56,66ce6047fb392de5096ac9f9
122,26,temp,2025-06-17T07:05:56,66ce6047fb392de5096ac9f9
123,61,humidity,2025-06-17T07:05:56,66ce6047fb392de5096ac9f9
124,200,co2-concentration,2025-06-17T07:08:57,66ce6047fb392de5096ac9f9
125,26,temp,2025-06-17T07:08:57,66ce6047fb392de5096ac9f9
126,61,humidity,2025-06-17T07:08:57,66ce6047fb392de5096ac9f9
127,200,co2-concentration,2025-06-17T07:11:57,66ce6047fb392de5096ac9f9
128,26,temp,2025-06-17T07:11:57,66ce6047fb392de5096ac9f9
129,61,humidity,2025-06-17T07:11:57,66ce6047fb392de5096ac9f9
130,200,co2-concentration,2025-06-17T07:14:57,66ce6047fb392de5096ac9f9
131,26,temp,2025-06-17T07:14:57,66ce6047fb392de5096ac9f9
132,61,humidity,2025-06-17T07:14:57,66ce6047fb392de5096ac9f9
133,200,co2-concentration,2025-06-17T07:17:57,66ce6047fb392de5096ac9f9
134,26,temp,2025-06-17T07:17:57,66ce6047fb392de5096ac9f9
135,61,humidity,2025-06-17T07:17:57,66ce6047fb392de5096ac9f9
136,200,co2-concentration,2025-06-17T07:20:57,66ce6047fb392de5096ac9f9
137,26,temp,2025-06-17T07:20:57,66ce6047fb392de5096ac9f9
138,61,humidity,2025-06-17T07:20:57,66ce6047fb392de5096ac9f9
139,200,co2-concentration,2025-06-17T07:23:57,66ce6047fb392de5096ac9f9
140,26,temp,2025-06-17T07:23:57,66ce6047fb392de5096ac9f9
141,61,humidity,2025-06-17T07:23:57,66ce6047fb392de5096ac9f9
142,200,co2-concentration,2025-06-17T07:26:58,66ce6047fb392de5096ac9f9
143,26,temp,2025-06-17T07:26:58,66ce6047fb392de5096ac9f9
144,61,humidity,2025-06-17T07:26:58,66ce6047fb392de5096ac9f9
145,200,co2-concentration,2025-06-17T07:29:58,66ce6047fb392de5096ac9f9
146,26,temp,2025-06-17T07:29:58,66ce6047fb392de5096ac9f9
147,61,humidity,2025-06-17T07:29:58,66ce6047fb392de5096ac9f9
148,200,co2-concentration,2025-06-17T07:32:58,66ce6047fb392de5096ac9f9
149,26,temp,2025-06-17T07:32:58,66ce6047fb392de5096ac9f9
150,61,humidity,2025-06-17T07:32:58,66ce6047fb392de5096ac9f9
151,200,co2-concentration,2025-06-17T07:35:58,66ce6047fb392de5096ac9f9
152,26,temp,2025-06-17T07:35:58,66ce6047fb392de5096ac9f9
153,61,humidity,2025-06-17T07:35:58,66ce6047fb392de5096ac9f9
154,200,co2-concentration,2025-06-17T07:38:58,66ce6047fb392de5096ac9f9
155,26,temp,2025-06-17T07:38:58,66ce6047fb392de5096ac9f9
156,61,humidity,2025-06-17T07:38:58,66ce6047fb392de5096ac9f9
157,200,co2-concentration,2025-06-17T07:41:58,66ce6047fb392de5096ac9f9
158,26,temp,2025-06-17T07:41:58,66ce6047fb392de5096ac9f9
159,61,humidity,2025-06-17T07:41:58,66ce6047fb392de5096ac9f9
160,200,co2-concentration,2025-06-17T07:44:58,66ce6047fb392de5096ac9f9
161,26,temp,2025-06-17T07:44:58,66ce6047fb392de5096ac9f9
162,61,humidity,2025-06-17T07:44:58,66ce6047fb392de5096ac9f9
163,200,co2-concentration,2025-06-17T07:47:59,66ce6047fb392de5096ac9f9
164,26,temp,2025-06-17T07:47:59,66ce6047fb392de5096ac9f9
165,61,humidity,2025-06-17T07:47:59,66ce6047fb392de5096ac9f9
166,200,co2-concentration,2025-06-17T07:50:59,66ce6047fb392de5096ac9f9
167,26,temp,2025-06-17T07:50:59,66ce6047fb392de5096ac9f9
168,61,humidity,2025-06-17T07:50:59,66ce6047fb392de5096ac9f9
169,200,co2-concentration,2025-06-17T07:53:59,66ce6047fb392de5096ac9f9
170,26,temp,2025-06-17T07:53:59,66ce6047fb392de5096ac9f9
171,61,humidity,2025-06-17T07:53:59,66ce6047fb392de5096ac9f9
172,200,co2-concentration,2025-06-17T07:56:59,66ce6047fb392de5096ac9f9
173,26,temp,2025-06-17T07:56:59,66ce6047fb392de5096ac9f9
174,61,humidity,2025-06-17T07:56:59,66ce6047fb392de5096ac9f9
175,200,co2-concentration,2025-06-17T07:59:59,66ce6047fb392de5096ac9f9
176,26,temp,2025-06-17T07:59:59,66ce6047fb392de5096ac9f9
177,61,humidity,2025-06-17T07:59:59,66ce6047fb392de5096ac9f9
178,200,co2-concentration,2025-06-17T08:02:59,66ce6047fb392de5096ac9f9
179,26,temp,2025-06-17T08:02:59,66ce6047fb392de5096ac9f9
180,61,humidity,2025-06-17T08:02:59,66ce6047fb392de5096ac9f9
181,200,co2-concentration,2025-06-17T08:06:00,66ce6047fb392de5096ac9f9
182,26,temp,2025-06-17T08:06:00,66ce6047fb392de5096ac9f9
183,61,humidity,2025-06-17T08:06:00,66ce6047fb392de5096ac9f9
184,200,co2-concentration,2025-06-17T08:09:00,66ce6047fb392de5096ac9f9
185,26,temp,2025-06-17T08:09:00,66ce6047fb392de5096ac9f9
186,61,humidity,2025-06-17T08:09:00,66ce6047fb392de5096ac9f9
187,200,co2-concentration,2025-06-17T08:12:00,66ce6047fb392de5096ac9f9
188,26,temp,2025-06-17T08:12:00,66ce6047fb392de5096ac9f9
189,61,humidity,2025-06-17T08:12:00,66ce6047fb392de5096ac9f9
190,200,co2-concentration,2025-06-17T08:15:00,66ce6047fb392de5096ac9f9
191,26,temp,2025-06-17T08:15:00,66ce6047fb392de5096ac9f9
192,62,humidity,2025-06-17T08:15:00,66ce6047fb392de5096ac9f9
193,200,co2-concentration,2025-06-17T08:18:00,66ce6047fb392de5096ac9f9
194,26,temp,2025-06-17T08:18:00,66ce6047fb392de5096ac9f9
195,61,humidity,2025-06-17T08:18:00,66ce6047fb392de5096ac9f9
196,200,co2-concentration,2025-06-17T08:21:01,66ce6047fb392de5096ac9f9
197,26,temp,2025-06-17T08:21:01,66ce6047fb392de5096ac9f9
198,61,humidity,2025-06-17T08:21:01,66ce6047fb392de5096ac9f9
199,200,co2-concentration,2025-06-17T08:24:01,66ce6047fb392de5096ac9f9
200,26,temp,2025-06-17T08:24:01,66ce6047fb392de5096ac9f9
201,61,humidity,2025-06-17T08:24:01,66ce6047fb392de5096ac9f9
202,200,co2-concentration,2025-06-17T08:27:01,66ce6047fb392de5096ac9f9
203,26,temp,2025-06-17T08:27:01,66ce6047fb392de5096ac9f9
204,61,humidity,2025-06-17T08:27:01,66ce6047fb392de5096ac9f9
205,200,co2-concentration,2025-06-17T08:30:01,66ce6047fb392de5096ac9f9
206,26,temp,2025-06-17T08:30:01,66ce6047fb392de5096ac9f9
207,61,humidity,2025-06-17T08:30:01,66ce6047fb392de5096ac9f9
208,200,co2-concentration,2025-06-17T08:33:02,66ce6047fb392de5096ac9f9
209,26,temp,2025-06-17T08:33:02,66ce6047fb392de5096ac9f9
210,61,humidity,2025-06-17T08:33:02,66ce6047fb392de5096ac9f9
211,200,co2-concentration,2025-06-17T08:36:02,66ce6047fb392de5096ac9f9
212,26,temp,2025-06-17T08:36:02,66ce6047fb392de5096ac9f9
213,62,humidity,2025-06-17T08:36:02,66ce6047fb392de5096ac9f9
214,200,co2-concentration,2025-06-17T08:39:02,66ce6047fb392de5096ac9f9
215,26,temp,2025-06-17T08:39:02,66ce6047fb392de5096ac9f9
216,62,humidity,2025-06-17T08:39:02,66ce6047fb392de5096ac9f9
217,200,co2-concentration,2025-06-17T08:42:02,66ce6047fb392de5096ac9f9
218,26,temp,2025-06-17T08:42:02,66ce6047fb392de5096ac9f9
219,62,humidity,2025-06-17T08:42:02,66ce6047fb392de5096ac9f9
220,200,co2-concentration,2025-06-17T08:45:02,66ce6047fb392de5096ac9f9
221,26,temp,2025-06-17T08:45:02,66ce6047fb392de5096ac9f9
222,62,humidity,2025-06-17T08:45:02,66ce6047fb392de5096ac9f9
223,200,co2-concentration,2025-06-17T08:48:02,66ce6047fb392de5096ac9f9
224,26,temp,2025-06-17T08:48:02,66ce6047fb392de5096ac9f9
225,61,humidity,2025-06-17T08:48:02,66ce6047fb392de5096ac9f9
226,200,co2-concentration,2025-06-17T08:51:03,66ce6047fb392de5096ac9f9
227,26,temp,2025-06-17T08:51:03,66ce6047fb392de5096ac9f9
228,62,humidity,2025-06-17T08:51:03,66ce6047fb392de5096ac9f9
229,200,co2-concentration,2025-06-17T08:54:03,66ce6047fb392de5096ac9f9
230,26,temp,2025-06-17T08:54:03,66ce6047fb392de5096ac9f9
231,62,humidity,2025-06-17T08:54:03,66ce6047fb392de5096ac9f9
232,200,co2-concentration,2025-06-17T08:57:03,66ce6047fb392de5096ac9f9
233,26,temp,2025-06-17T08:57:03,66ce6047fb392de5096ac9f9
234,62,humidity,2025-06-17T08:57:03,66ce6047fb392de5096ac9f9
235,200,co2-concentration,2025-06-17T09:00:03,66ce6047fb392de5096ac9f9
236,26,temp,2025-06-17T09:00:03,66ce6047fb392de5096ac9f9
237,62,humidity,2025-06-17T09:00:03,66ce6047fb392de5096ac9f9
238,200,co2-concentration,2025-06-17T09:03:03,66ce6047fb392de5096ac9f9
239,26,temp,2025-06-17T09:03:03,66ce6047fb392de5096ac9f9
240,61,humidity,2025-06-17T09:03:03,66ce6047fb392de5096ac9f9
241,200,co2-concentration,2025-06-17T09:06:03,66ce6047fb392de5096ac9f9
242,26,temp,2025-06-17T09:06:03,66ce6047fb392de5096ac9f9
243,61,humidity,2025-06-17T09:06:03,66ce6047fb392de5096ac9f9
244,200,co2-concentration,2025-06-17T09:09:04,66ce6047fb392de5096ac9f9
245,26,temp,2025-06-17T09:09:04,66ce6047fb392de5096ac9f9
246,61,humidity,2025-06-17T09:09:04,66ce6047fb392de5096ac9f9
247,200,co2-concentration,2025-06-17T09:12:04,66ce6047fb392de5096ac9f9
248,26,temp,2025-06-17T09:12:04,66ce6047fb392de5096ac9f9
249,61,humidity,2025-06-17T09:12:04,66ce6047fb392de5096ac9f9
250,200,co2-concentration,2025-06-17T09:15:04,66ce6047fb392de5096ac9f9
251,26,temp,2025-06-17T09:15:04,66ce6047fb392de5096ac9f9
252,61,humidity,2025-06-17T09:15:04,66ce6047fb392de5096ac9f9
253,200,co2-concentration,2025-06-17T09:18:04,66ce6047fb392de5096ac9f9
254,26,temp,2025-06-17T09:18:04,66ce6047fb392de5096ac9f9
255,62,humidity,2025-06-17T09:18:04,66ce6047fb392de5096ac9f9
256,200,co2-concentration,2025-06-17T09:21:04,66ce6047fb392de5096ac9f9
257,26,temp,2025-06-17T09:21:04,66ce6047fb392de5096ac9f9
258,62,humidity,2025-06-17T09:21:04,66ce6047fb392de5096ac9f9
259,200,co2-concentration,2025-06-17T09:24:05,66ce6047fb392de5096ac9f9
260,26,temp,2025-06-17T09:24:05,66ce6047fb392de5096ac9f9
261,62,humidity,2025-06-17T09:24:05,66ce6047fb392de5096ac9f9
262,200,co2-concentration,2025-06-17T09:27:05,66ce6047fb392de5096ac9f9
263,26,temp,2025-06-17T09:27:05,66ce6047fb392de5096ac9f9
264,62,humidity,2025-06-17T09:27:05,66ce6047fb392de5096ac9f9
265,200,co2-concentration,2025-06-17T09:30:05,66ce6047fb392de5096ac9f9
266,26,temp,2025-06-17T09:30:05,66ce6047fb392de5096ac9f9
267,61,humidity,2025-06-17T09:30:05,66ce6047fb392de5096ac9f9
268,200,co2-concentration,2025-06-17T09:33:05,66ce6047fb392de5096ac9f9
269,26,temp,2025-06-17T09:33:05,66ce6047fb392de5096ac9f9
270,62,humidity,2025-06-17T09:33:05,66ce6047fb392de5096ac9f9
271,200,co2-concentration,2025-06-17T09:36:05,66ce6047fb392de5096ac9f9
272,26,temp,2025-06-17T09:36:05,66ce6047fb392de5096ac9f9
273,62,humidity,2025-06-17T09:36:05,66ce6047fb392de5096ac9f9
274,200,co2-concentration,2025-06-17T09:39:05,66ce6047fb392de5096ac9f9
275,26,temp,2025-06-17T09:39:05,66ce6047fb392de5096ac9f9
276,62,humidity,2025-06-17T09:39:05,66ce6047fb392de5096ac9f9
277,200,co2-concentration,2025-06-17T09:42:06,66ce6047fb392de5096ac9f9
278,26,temp,2025-06-17T09:42:06,66ce6047fb392de5096ac9f9
279,62,humidity,2025-06-17T09:42:06,66ce6047fb392de5096ac9f9
280,200,co2-concentration,2025-06-17T09:45:06,66ce6047fb392de5096ac9f9
281,26,temp,2025-06-17T09:45:06,66ce6047fb392de5096ac9f9
282,62,humidity,2025-06-17T09:45:06,66ce6047fb392de5096ac9f9
283,200,co2-concentration,2025-06-17T09:48:06,66ce6047fb392de5096ac9f9
284,26,temp,2025-06-17T09:48:06,66ce6047fb392de5096ac9f9
285,62,humidity,2025-06-17T09:48:06,66ce6047fb392de5096ac9f9
286,200,co2-concentration,2025-06-17T09:51:06,66ce6047fb392de5096ac9f9
287,26,temp,2025-06-17T09:51:06,66ce6047fb392de5096ac9f9
288,62,humidity,2025-06-17T09:51:06,66ce6047fb392de5096ac9f9
289,200,co2-concentration,2025-06-17T09:54:06,66ce6047fb392de5096ac9f9
290,26,temp,2025-06-17T09:54:06,66ce6047fb392de5096ac9f9
291,62,humidity,2025-06-17T09:54:06,66ce6047fb392de5096ac9f9
292,200,co2-concentration,2025-06-17T09:57:06,66ce6047fb392de5096ac9f9
293,26,temp,2025-06-17T09:57:06,66ce6047fb392de5096ac9f9
294,62,humidity,2025-06-17T09:57:06,66ce6047fb392de5096ac9f9
295,200,co2-concentration,2025-06-17T10:00:07,66ce6047fb392de5096ac9f9
296,26,temp,2025-06-17T10:00:07,66ce6047fb392de5096ac9f9
297,62,humidity,2025-06-17T10:00:07,66ce6047fb392de5096ac9f9
298,200,co2-concentration,2025-06-17T10:03:07,66ce6047fb392de5096ac9f9
299,26,temp,2025-06-17T10:03:07,66ce6047fb392de5096ac9f9
300,62,humidity,2025-06-17T10:03:07,66ce6047fb392de5096ac9f9
301,200,co2-concentration,2025-06-17T10:06:07,66ce6047fb392de5096ac9f9
302,26,temp,2025-06-17T10:06:07,66ce6047fb392de5096ac9f9
303,62,humidity,2025-06-17T10:06:07,66ce6047fb392de5096ac9f9
304,200,co2-concentration,2025-06-17T10:09:07,66ce6047fb392de5096ac9f9
305,26,temp,2025-06-17T10:09:07,66ce6047fb392de5096ac9f9
306,62,humidity,2025-06-17T10:09:07,66ce6047fb392de5096ac9f9
307,200,co2-concentration,2025-06-17T10:12:07,66ce6047fb392de5096ac9f9
308,26,temp,2025-06-17T10:12:07,66ce6047fb392de5096ac9f9
309,62,humidity,2025-06-17T10:12:07,66ce6047fb392de5096ac9f9
310,200,co2-concentration,2025-06-17T10:15:07,66ce6047fb392de5096ac9f9
311,26,temp,2025-06-17T10:15:07,66ce6047fb392de5096ac9f9
312,62,humidity,2025-06-17T10:15:07,66ce6047fb392de5096ac9f9
313,200,co2-concentration,2025-06-17T10:18:08,66ce6047fb392de5096ac9f9
314,26,temp,2025-06-17T10:18:08,66ce6047fb392de5096ac9f9
315,62,humidity,2025-06-17T10:18:08,66ce6047fb392de5096ac9f9
316,200,co2-concentration,2025-06-17T10:21:08,66ce6047fb392de5096ac9f9
317,26,temp,2025-06-17T10:21:08,66ce6047fb392de5096ac9f9
318,62,humidity,2025-06-17T10:21:08,66ce6047fb392de5096ac9f9
319,200,co2-concentration,2025-06-17T10:24:08,66ce6047fb392de5096ac9f9
320,26,temp,2025-06-17T10:24:08,66ce6047fb392de5096ac9f9
321,62,humidity,2025-06-17T10:24:08,66ce6047fb392de5096ac9f9
322,200,co2-concentration,2025-06-17T10:27:08,66ce6047fb392de5096ac9f9
323,26,temp,2025-06-17T10:27:08,66ce6047fb392de5096ac9f9
324,62,humidity,2025-06-17T10:27:08,66ce6047fb392de5096ac9f9
325,200,co2-concentration,2025-06-17T10:30:08,66ce6047fb392de5096ac9f9
326,26,temp,2025-06-17T10:30:08,66ce6047fb392de5096ac9f9
327,62,humidity,2025-06-17T10:30:08,66ce6047fb392de5096ac9f9
328,200,co2-concentration,2025-06-17T10:33:08,66ce6047fb392de5096ac9f9
329,26,temp,2025-06-17T10:33:08,66ce6047fb392de5096ac9f9
330,61,humidity,2025-06-17T10:33:08,66ce6047fb392de5096ac9f9
331,200,co2-concentration,2025-06-17T10:36:08,66ce6047fb392de5096ac9f9
332,26,temp,2025-06-17T10:36:08,66ce6047fb392de5096ac9f9
333,62,humidity,2025-06-17T10:36:08,66ce6047fb392de5096ac9f9
334,200,co2-concentration,2025-06-17T10:39:09,66ce6047fb392de5096ac9f9
335,26,temp,2025-06-17T10:39:09,66ce6047fb392de5096ac9f9
336,62,humidity,2025-06-17T10:39:09,66ce6047fb392de5096ac9f9
337,200,co2-concentration,2025-06-17T10:42:09,66ce6047fb392de5096ac9f9
338,26,temp,2025-06-17T10:42:09,66ce6047fb392de5096ac9f9
339,62,humidity,2025-06-17T10:42:09,66ce6047fb392de5096ac9f9
340,200,co2-concentration,2025-06-17T10:45:09,66ce6047fb392de5096ac9f9
341,26,temp,2025-06-17T10:45:09,66ce6047fb392de5096ac9f9
342,62,humidity,2025-06-17T10:45:09,66ce6047fb392de5096ac9f9
343,200,co2-concentration,2025-06-17T10:48:09,66ce6047fb392de5096ac9f9
344,26,temp,2025-06-17T10:48:09,66ce6047fb392de5096ac9f9
345,62,humidity,2025-06-17T10:48:09,66ce6047fb392de5096ac9f9
346,200,co2-concentration,2025-06-17T10:51:09,66ce6047fb392de5096ac9f9
347,26,temp,2025-06-17T10:51:09,66ce6047fb392de5096ac9f9
348,62,humidity,2025-06-17T10:51:09,66ce6047fb392de5096ac9f9
349,200,co2-concentration,2025-06-17T10:54:09,66ce6047fb392de5096ac9f9
350,26,temp,2025-06-17T10:54:09,66ce6047fb392de5096ac9f9
351,62,humidity,2025-06-17T10:54:09,66ce6047fb392de5096ac9f9
352,200,co2-concentration,2025-06-17T10:57:09,66ce6047fb392de5096ac9f9
353,26,temp,2025-06-17T10:57:09,66ce6047fb392de5096ac9f9
354,62,humidity,2025-06-17T10:57:09,66ce6047fb392de5096ac9f9
355,200,co2-concentration,2025-06-17T11:00:09,66ce6047fb392de5096ac9f9
356,26,temp,2025-06-17T11:00:09,66ce6047fb392de5096ac9f9
357,62,humidity,2025-06-17T11:00:09,66ce6047fb392de5096ac9f9
358,200,co2-concentration,2025-06-17T11:03:09,66ce6047fb392de5096ac9f9
359,26,temp,2025-06-17T11:03:09,66ce6047fb392de5096ac9f9
360,62,humidity,2025-06-17T11:03:09,66ce6047fb392de5096ac9f9
361,200,co2-concentration,2025-06-17T11:06:10,66ce6047fb392de5096ac9f9
362,26,temp,2025-06-17T11:06:10,66ce6047fb392de5096ac9f9
363,62,humidity,2025-06-17T11:06:10,66ce6047fb392de5096ac9f9
364,200,co2-concentration,2025-06-17T11:09:10,66ce6047fb392de5096ac9f9
365,26,temp,2025-06-17T11:09:10,66ce6047fb392de5096ac9f9
366,62,humidity,2025-06-17T11:09:10,66ce6047fb392de5096ac9f9
367,200,co2-concentration,2025-06-17T11:12:10,66ce6047fb392de5096ac9f9
368,26,temp,2025-06-17T11:12:10,66ce6047fb392de5096ac9f9
369,62,humidity,2025-06-17T11:12:10,66ce6047fb392de5096ac9f9
370,200,co2-concentration,2025-06-17T11:15:10,66ce6047fb392de5096ac9f9
371,26,temp,2025-06-17T11:15:10,66ce6047fb392de5096ac9f9
372,62,humidity,2025-06-17T11:15:10,66ce6047fb392de5096ac9f9
373,200,co2-concentration,2025-06-17T11:18:10,66ce6047fb392de5096ac9f9
374,26,temp,2025-06-17T11:18:10,66ce6047fb392de5096ac9f9
375,62,humidity,2025-06-17T11:18:10,66ce6047fb392de5096ac9f9
376,200,co2-concentration,2025-06-17T11:21:10,66ce6047fb392de5096ac9f9
377,26,temp,2025-06-17T11:21:10,66ce6047fb392de5096ac9f9
378,62,humidity,2025-06-17T11:21:10,66ce6047fb392de5096ac9f9
379,200,co2-concentration,2025-06-17T11:24:10,66ce6047fb392de5096ac9f9
380,26,temp,2025-06-17T11:24:10,66ce6047fb392de5096ac9f9
381,62,humidity,2025-06-17T11:24:10,66ce6047fb392de5096ac9f9
382,200,co2-concentration,2025-06-17T11:27:11,66ce6047fb392de5096ac9f9
383,26,temp,2025-06-17T11:27:11,66ce6047fb392de5096ac9f9
384,62,humidity,2025-06-17T11:27:11,66ce6047fb392de5096ac9f9
385,200,co2-concentration,2025-06-17T11:30:11,66ce6047fb392de5096ac9f9
386,26,temp,2025-06-17T11:30:11,66ce6047fb392de5096ac9f9
387,62,humidity,2025-06-17T11:30:11,66ce6047fb392de5096ac9f9
388,200,co2-concentration,2025-06-17T11:33:11,66ce6047fb392de5096ac9f9
389,26,temp,2025-06-17T11:33:11,66ce6047fb392de5096ac9f9
390,62,humidity,2025-06-17T11:33:11,66ce6047fb392de5096ac9f9
391,200,co2-concentration,2025-06-17T11:36:14,66ce6047fb392de5096ac9f9
392,26,temp,2025-06-17T11:36:14,66ce6047fb392de5096ac9f9
393,62,humidity,2025-06-17T11:36:14,66ce6047fb392de5096ac9f9
394,200,co2-concentration,2025-06-17T11:39:14,66ce6047fb392de5096ac9f9
395,26,temp,2025-06-17T11:39:14,66ce6047fb392de5096ac9f9
396,62,humidity,2025-06-17T11:39:14,66ce6047fb392de5096ac9f9
397,200,co2-concentration,2025-06-17T11:42:14,66ce6047fb392de5096ac9f9
398,26,temp,2025-06-17T11:42:14,66ce6047fb392de5096ac9f9
399,62,humidity,2025-06-17T11:42:14,66ce6047fb392de5096ac9f9
400,200,co2-concentration,2025-06-17T11:45:15,66ce6047fb392de5096ac9f9
401,26,temp,2025-06-17T11:45:15,66ce6047fb392de5096ac9f9
402,62,humidity,2025-06-17T11:45:15,66ce6047fb392de5096ac9f9
403,200,co2-concentration,2025-06-17T11:48:15,66ce6047fb392de5096ac9f9
404,26,temp,2025-06-17T11:48:15,66ce6047fb392de5096ac9f9
405,62,humidity,2025-06-17T11:48:15,66ce6047fb392de5096ac9f9
406,200,co2-concentration,2025-06-17T11:51:15,66ce6047fb392de5096ac9f9
407,26,temp,2025-06-17T11:51:15,66ce6047fb392de5096ac9f9
408,62,humidity,2025-06-17T11:51:15,66ce6047fb392de5096ac9f9
409,200,co2-concentration,2025-06-17T11:54:15,66ce6047fb392de5096ac9f9
410,26,temp,2025-06-17T11:54:15,66ce6047fb392de5096ac9f9
411,62,humidity,2025-06-17T11:54:15,66ce6047fb392de5096ac9f9
412,200,co2-concentration,2025-06-17T11:57:15,66ce6047fb392de5096ac9f9
413,26,temp,2025-06-17T11:57:15,66ce6047fb392de5096ac9f9
414,62,humidity,2025-06-17T11:57:15,66ce6047fb392de5096ac9f9
415,200,co2-concentration,2025-06-17T12:00:15,66ce6047fb392de5096ac9f9
416,26,temp,2025-06-17T12:00:15,66ce6047fb392de5096ac9f9
417,62,humidity,2025-06-17T12:00:15,66ce6047fb392de5096ac9f9
418,200,co2-concentration,2025-06-17T12:03:16,66ce6047fb392de5096ac9f9
419,26,temp,2025-06-17T12:03:16,66ce6047fb392de5096ac9f9
420,62,humidity,2025-06-17T12:03:16,66ce6047fb392de5096ac9f9
421,200,co2-concentration,2025-06-17T12:06:16,66ce6047fb392de5096ac9f9
422,26,temp,2025-06-17T12:06:16,66ce6047fb392de5096ac9f9
423,62,humidity,2025-06-17T12:06:16,66ce6047fb392de5096ac9f9
424,200,co2-concentration,2025-06-17T12:09:16,66ce6047fb392de5096ac9f9
425,26,temp,2025-06-17T12:09:16,66ce6047fb392de5096ac9f9
426,62,humidity,2025-06-17T12:09:16,66ce6047fb392de5096ac9f9
427,200,co2-concentration,2025-06-17T12:12:16,66ce6047fb392de5096ac9f9
428,26,temp,2025-06-17T12:12:16,66ce6047fb392de5096ac9f9
429,62,humidity,2025-06-17T12:12:16,66ce6047fb392de5096ac9f9
430,200,co2-concentration,2025-06-17T12:15:16,66ce6047fb392de5096ac9f9
431,26,temp,2025-06-17T12:15:16,66ce6047fb392de5096ac9f9
432,62,humidity,2025-06-17T12:15:16,66ce6047fb392de5096ac9f9
433,200,co2-concentration,2025-06-17T12:18:16,66ce6047fb392de5096ac9f9
434,26,temp,2025-06-17T12:18:16,66ce6047fb392de5096ac9f9
435,62,humidity,2025-06-17T12:18:16,66ce6047fb392de5096ac9f9
436,200,co2-concentration,2025-06-17T12:21:17,66ce6047fb392de5096ac9f9
437,26,temp,2025-06-17T12:21:17,66ce6047fb392de5096ac9f9
438,62,humidity,2025-06-17T12:21:17,66ce6047fb392de5096ac9f9
439,200,co2-concentration,2025-06-17T12:24:17,66ce6047fb392de5096ac9f9
440,26,temp,2025-06-17T12:24:17,66ce6047fb392de5096ac9f9
441,62,humidity,2025-06-17T12:24:17,66ce6047fb392de5096ac9f9
442,200,co2-concentration,2025-06-17T12:27:17,66ce6047fb392de5096ac9f9
443,26,temp,2025-06-17T12:27:17,66ce6047fb392de5096ac9f9
444,62,humidity,2025-06-17T12:27:17,66ce6047fb392de5096ac9f9
445,200,co2-concentration,2025-06-17T12:30:17,66ce6047fb392de5096ac9f9
446,26,temp,2025-06-17T12:30:17,66ce6047fb392de5096ac9f9
447,62,humidity,2025-06-17T12:30:17,66ce6047fb392de5096ac9f9
448,200,co2-concentration,2025-06-17T12:33:17,66ce6047fb392de5096ac9f9
449,26,temp,2025-06-17T12:33:17,66ce6047fb392de5096ac9f9
450,62,humidity,2025-06-17T12:33:17,66ce6047fb392de5096ac9f9
451,200,co2-concentration,2025-06-17T12:36:17,66ce6047fb392de5096ac9f9
452,26,temp,2025-06-17T12:36:17,66ce6047fb392de5096ac9f9
453,62,humidity,2025-06-17T12:36:17,66ce6047fb392de5096ac9f9
454,200,co2-concentration,2025-06-17T12:39:17,66ce6047fb392de5096ac9f9
455,26,temp,2025-06-17T12:39:17,66ce6047fb392de5096ac9f9
456,62,humidity,2025-06-17T12:39:17,66ce6047fb392de5096ac9f9
457,200,co2-concentration,2025-06-17T12:42:18,66ce6047fb392de5096ac9f9
458,26,temp,2025-06-17T12:42:18,66ce6047fb392de5096ac9f9
459,62,humidity,2025-06-17T12:42:18,66ce6047fb392de5096ac9f9
460,200,co2-concentration,2025-06-17T12:45:18,66ce6047fb392de5096ac9f9
461,26,temp,2025-06-17T12:45:18,66ce6047fb392de5096ac9f9
462,62,humidity,2025-06-17T12:45:18,66ce6047fb392de5096ac9f9
463,200,co2-concentration,2025-06-17T12:48:18,66ce6047fb392de5096ac9f9
464,26,temp,2025-06-17T12:48:18,66ce6047fb392de5096ac9f9
465,62,humidity,2025-06-17T12:48:18,66ce6047fb392de5096ac9f9
466,200,co2-concentration,2025-06-17T12:51:18,66ce6047fb392de5096ac9f9
467,26,temp,2025-06-17T12:51:18,66ce6047fb392de5096ac9f9
468,62,humidity,2025-06-17T12:51:18,66ce6047fb392de5096ac9f9
469,200,co2-concentration,2025-06-17T12:54:18,66ce6047fb392de5096ac9f9
470,26,temp,2025-06-17T12:54:18,66ce6047fb392de5096ac9f9
471,62,humidity,2025-06-17T12:54:18,66ce6047fb392de5096ac9f9
472,200,co2-concentration,2025-06-17T12:57:18,66ce6047fb392de5096ac9f9
473,26,temp,2025-06-17T12:57:18,66ce6047fb392de5096ac9f9
474,61,humidity,2025-06-17T12:57:18,66ce6047fb392de5096ac9f9
475,200,co2-concentration,2025-06-17T13:00:18,66ce6047fb392de5096ac9f9
476,25,temp,2025-06-17T13:00:18,66ce6047fb392de5096ac9f9
477,60,humidity,2025-06-17T13:00:18,66ce6047fb392de5096ac9f9
478,200,co2-concentration,2025-06-17T13:03:18,66ce6047fb392de5096ac9f9
479,25,temp,2025-06-17T13:03:18,66ce6047fb392de5096ac9f9
480,59,humidity,2025-06-17T13:03:18,66ce6047fb392de5096ac9f9
481,200,co2-concentration,2025-06-17T13:06:18,66ce6047fb392de5096ac9f9
482,25,temp,2025-06-17T13:06:18,66ce6047fb392de5096ac9f9
483,58,humidity,2025-06-17T13:06:18,66ce6047fb392de5096ac9f9
484,200,co2-concentration,2025-06-17T13:09:19,66ce6047fb392de5096ac9f9
485,25,temp,2025-06-17T13:09:19,66ce6047fb392de5096ac9f9
486,58,humidity,2025-06-17T13:09:19,66ce6047fb392de5096ac9f9
487,200,co2-concentration,2025-06-17T13:12:19,66ce6047fb392de5096ac9f9
488,25,temp,2025-06-17T13:12:19,66ce6047fb392de5096ac9f9
489,57,humidity,2025-06-17T13:12:19,66ce6047fb392de5096ac9f9
490,200,co2-concentration,2025-06-17T13:15:19,66ce6047fb392de5096ac9f9
491,25,temp,2025-06-17T13:15:19,66ce6047fb392de5096ac9f9
492,57,humidity,2025-06-17T13:15:19,66ce6047fb392de5096ac9f9
493,200,co2-concentration,2025-06-17T13:18:19,66ce6047fb392de5096ac9f9
494,25,temp,2025-06-17T13:18:19,66ce6047fb392de5096ac9f9
495,56,humidity,2025-06-17T13:18:19,66ce6047fb392de5096ac9f9
496,200,co2-concentration,2025-06-17T13:21:19,66ce6047fb392de5096ac9f9
497,24,temp,2025-06-17T13:21:19,66ce6047fb392de5096ac9f9
498,55,humidity,2025-06-17T13:21:19,66ce6047fb392de5096ac9f9
499,200,co2-concentration,2025-06-17T13:24:19,66ce6047fb392de5096ac9f9
500,25,temp,2025-06-17T13:24:19,66ce6047fb392de5096ac9f9
501,54,humidity,2025-06-17T13:24:19,66ce6047fb392de5096ac9f9
502,200,co2-concentration,2025-06-17T13:27:19,66ce6047fb392de5096ac9f9
503,24,temp,2025-06-17T13:27:19,66ce6047fb392de5096ac9f9
504,54,humidity,2025-06-17T13:27:19,66ce6047fb392de5096ac9f9
505,200,co2-concentration,2025-06-17T13:30:19,66ce6047fb392de5096ac9f9
506,24,temp,2025-06-17T13:30:19,66ce6047fb392de5096ac9f9
507,53,humidity,2025-06-17T13:30:19,66ce6047fb392de5096ac9f9
508,200,co2-concentration,2025-06-17T13:33:20,66ce6047fb392de5096ac9f9
509,24,temp,2025-06-17T13:33:20,66ce6047fb392de5096ac9f9
510,53,humidity,2025-06-17T13:33:20,66ce6047fb392de5096ac9f9
511,200,co2-concentration,2025-06-17T13:36:20,66ce6047fb392de5096ac9f9
512,24,temp,2025-06-17T13:36:20,66ce6047fb392de5096ac9f9
513,52,humidity,2025-06-17T13:36:20,66ce6047fb392de5096ac9f9
514,200,co2-concentration,2025-06-17T13:39:20,66ce6047fb392de5096ac9f9
515,24,temp,2025-06-17T13:39:20,66ce6047fb392de5096ac9f9
516,52,humidity,2025-06-17T13:39:20,66ce6047fb392de5096ac9f9
517,200,co2-concentration,2025-06-17T13:42:20,66ce6047fb392de5096ac9f9
518,24,temp,2025-06-17T13:42:20,66ce6047fb392de5096ac9f9
519,51,humidity,2025-06-17T13:42:20,66ce6047fb392de5096ac9f9
520,200,co2-concentration,2025-06-17T13:45:20,66ce6047fb392de5096ac9f9
521,24,temp,2025-06-17T13:45:20,66ce6047fb392de5096ac9f9
522,51,humidity,2025-06-17T13:45:20,66ce6047fb392de5096ac9f9
523,200,co2-concentration,2025-06-17T13:48:21,66ce6047fb392de5096ac9f9
524,24,temp,2025-06-17T13:48:21,66ce6047fb392de5096ac9f9
525,51,humidity,2025-06-17T13:48:21,66ce6047fb392de5096ac9f9
526,200,co2-concentration,2025-06-17T13:51:21,66ce6047fb392de5096ac9f9
527,24,temp,2025-06-17T13:51:21,66ce6047fb392de5096ac9f9
528,50,humidity,2025-06-17T13:51:21,66ce6047fb392de5096ac9f9
529,200,co2-concentration,2025-06-17T13:54:21,66ce6047fb392de5096ac9f9
530,24,temp,2025-06-17T13:54:21,66ce6047fb392de5096ac9f9
531,50,humidity,2025-06-17T13:54:21,66ce6047fb392de5096ac9f9
532,200,co2-concentration,2025-06-17T13:57:21,66ce6047fb392de5096ac9f9
533,24,temp,2025-06-17T13:57:21,66ce6047fb392de5096ac9f9
534,49,humidity,2025-06-17T13:57:21,66ce6047fb392de5096ac9f9
535,200,co2-concentration,2025-06-17T14:00:21,66ce6047fb392de5096ac9f9
536,24,temp,2025-06-17T14:00:21,66ce6047fb392de5096ac9f9
537,49,humidity,2025-06-17T14:00:21,66ce6047fb392de5096ac9f9
538,200,co2-concentration,2025-06-17T14:03:22,66ce6047fb392de5096ac9f9
539,24,temp,2025-06-17T14:03:22,66ce6047fb392de5096ac9f9
540,49,humidity,2025-06-17T14:03:22,66ce6047fb392de5096ac9f9
541,200,co2-concentration,2025-06-17T14:06:22,66ce6047fb392de5096ac9f9
542,24,temp,2025-06-17T14:06:22,66ce6047fb392de5096ac9f9
543,49,humidity,2025-06-17T14:06:22,66ce6047fb392de5096ac9f9
544,200,co2-concentration,2025-06-17T14:09:22,66ce6047fb392de5096ac9f9
545,24,temp,2025-06-17T14:09:22,66ce6047fb392de5096ac9f9
546,49,humidity,2025-06-17T14:09:22,66ce6047fb392de5096ac9f9
547,200,co2-concentration,2025-06-17T14:12:22,66ce6047fb392de5096ac9f9
548,24,temp,2025-06-17T14:12:22,66ce6047fb392de5096ac9f9
549,48,humidity,2025-06-17T14:12:22,66ce6047fb392de5096ac9f9
550,200,co2-concentration,2025-06-17T14:15:22,66ce6047fb392de5096ac9f9
551,24,temp,2025-06-17T14:15:22,66ce6047fb392de5096ac9f9
552,50,humidity,2025-06-17T14:15:22,66ce6047fb392de5096ac9f9
553,200,co2-concentration,2025-06-17T14:18:24,66ce6047fb392de5096ac9f9
554,24,temp,2025-06-17T14:18:24,66ce6047fb392de5096ac9f9
555,51,humidity,2025-06-17T14:18:24,66ce6047fb392de5096ac9f9
556,200,co2-concentration,2025-06-17T14:21:24,66ce6047fb392de5096ac9f9
557,24,temp,2025-06-17T14:21:24,66ce6047fb392de5096ac9f9
558,53,humidity,2025-06-17T14:21:24,66ce6047fb392de5096ac9f9
559,200,co2-concentration,2025-06-17T14:24:24,66ce6047fb392de5096ac9f9
560,24,temp,2025-06-17T14:24:24,66ce6047fb392de5096ac9f9
561,53,humidity,2025-06-17T14:24:24,66ce6047fb392de5096ac9f9
562,200,co2-concentration,2025-06-17T14:27:25,66ce6047fb392de5096ac9f9
563,24,temp,2025-06-17T14:27:25,66ce6047fb392de5096ac9f9
564,53,humidity,2025-06-17T14:27:25,66ce6047fb392de5096ac9f9
565,200,co2-concentration,2025-06-17T14:30:25,66ce6047fb392de5096ac9f9
566,24,temp,2025-06-17T14:30:25,66ce6047fb392de5096ac9f9
567,53,humidity,2025-06-17T14:30:25,66ce6047fb392de5096ac9f9
568,200,co2-concentration,2025-06-17T14:33:26,66ce6047fb392de5096ac9f9
569,24,temp,2025-06-17T14:33:26,66ce6047fb392de5096ac9f9
570,53,humidity,2025-06-17T14:33:26,66ce6047fb392de5096ac9f9
571,200,co2-concentration,2025-06-17T14:36:27,66ce6047fb392de5096ac9f9
572,24,temp,2025-06-17T14:36:27,66ce6047fb392de5096ac9f9
573,53,humidity,2025-06-17T14:36:27,66ce6047fb392de5096ac9f9
574,200,co2-concentration,2025-06-17T14:39:29,66ce6047fb392de5096ac9f9
575,24,temp,2025-06-17T14:39:29,66ce6047fb392de5096ac9f9
576,53,humidity,2025-06-17T14:39:29,66ce6047fb392de5096ac9f9
577,200,co2-concentration,2025-06-17T14:42:30,66ce6047fb392de5096ac9f9
578,24,temp,2025-06-17T14:42:30,66ce6047fb392de5096ac9f9
579,53,humidity,2025-06-17T14:42:30,66ce6047fb392de5096ac9f9
580,200,co2-concentration,2025-06-17T14:45:31,66ce6047fb392de5096ac9f9
581,25,temp,2025-06-17T14:45:31,66ce6047fb392de5096ac9f9
582,52,humidity,2025-06-17T14:45:31,66ce6047fb392de5096ac9f9
583,200,co2-concentration,2025-06-17T14:48:31,66ce6047fb392de5096ac9f9
584,25,temp,2025-06-17T14:48:31,66ce6047fb392de5096ac9f9
585,52,humidity,2025-06-17T14:48:31,66ce6047fb392de5096ac9f9
586,200,co2-concentration,2025-06-17T14:51:31,66ce6047fb392de5096ac9f9
587,25,temp,2025-06-17T14:51:31,66ce6047fb392de5096ac9f9
588,52,humidity,2025-06-17T14:51:31,66ce6047fb392de5096ac9f9
589,200,co2-concentration,2025-06-17T14:54:32,66ce6047fb392de5096ac9f9
590,25,temp,2025-06-17T14:54:32,66ce6047fb392de5096ac9f9
591,52,humidity,2025-06-17T14:54:32,66ce6047fb392de5096ac9f9
592,200,co2-concentration,2025-06-17T14:57:32,66ce6047fb392de5096ac9f9
593,25,temp,2025-06-17T14:57:32,66ce6047fb392de5096ac9f9
594,52,humidity,2025-06-17T14:57:32,66ce6047fb392de5096ac9f9
595,200,co2-concentration,2025-06-17T15:00:32,66ce6047fb392de5096ac9f9
596,25,temp,2025-06-17T15:00:32,66ce6047fb392de5096ac9f9
597,52,humidity,2025-06-17T15:00:32,66ce6047fb392de5096ac9f9
598,200,co2-concentration,2025-06-17T15:03:33,66ce6047fb392de5096ac9f9
599,25,temp,2025-06-17T15:03:33,66ce6047fb392de5096ac9f9
600,52,humidity,2025-06-17T15:03:33,66ce6047fb392de5096ac9f9
601,200,co2-concentration,2025-06-17T15:06:33,66ce6047fb392de5096ac9f9
602,25,temp,2025-06-17T15:06:33,66ce6047fb392de5096ac9f9
603,52,humidity,2025-06-17T15:06:33,66ce6047fb392de5096ac9f9
604,200,co2-concentration,2025-06-17T15:09:34,66ce6047fb392de5096ac9f9
605,25,temp,2025-06-17T15:09:34,66ce6047fb392de5096ac9f9
606,52,humidity,2025-06-17T15:09:34,66ce6047fb392de5096ac9f9
607,200,co2-concentration,2025-06-17T15:12:34,66ce6047fb392de5096ac9f9
608,25,temp,2025-06-17T15:12:34,66ce6047fb392de5096ac9f9
609,52,humidity,2025-06-17T15:12:34,66ce6047fb392de5096ac9f9
610,200,co2-concentration,2025-06-17T15:15:35,66ce6047fb392de5096ac9f9
611,25,temp,2025-06-17T15:15:35,66ce6047fb392de5096ac9f9
612,53,humidity,2025-06-17T15:15:35,66ce6047fb392de5096ac9f9
613,200,co2-concentration,2025-06-17T15:18:36,66ce6047fb392de5096ac9f9
614,25,temp,2025-06-17T15:18:36,66ce6047fb392de5096ac9f9
615,53,humidity,2025-06-17T15:18:36,66ce6047fb392de5096ac9f9
616,200,co2-concentration,2025-06-17T15:21:36,66ce6047fb392de5096ac9f9
617,25,temp,2025-06-17T15:21:36,66ce6047fb392de5096ac9f9
618,53,humidity,2025-06-17T15:21:36,66ce6047fb392de5096ac9f9
619,200,co2-concentration,2025-06-17T15:24:37,66ce6047fb392de5096ac9f9
620,25,temp,2025-06-17T15:24:37,66ce6047fb392de5096ac9f9
621,53,humidity,2025-06-17T15:24:37,66ce6047fb392de5096ac9f9
622,200,co2-concentration,2025-06-17T15:27:38,66ce6047fb392de5096ac9f9
623,25,temp,2025-06-17T15:27:38,66ce6047fb392de5096ac9f9
624,53,humidity,2025-06-17T15:27:38,66ce6047fb392de5096ac9f9
625,200,co2-concentration,2025-06-17T15:30:39,66ce6047fb392de5096ac9f9
626,25,temp,2025-06-17T15:30:39,66ce6047fb392de5096ac9f9
627,53,humidity,2025-06-17T15:30:39,66ce6047fb392de5096ac9f9
628,200,co2-concentration,2025-06-17T15:33:40,66ce6047fb392de5096ac9f9
629,25,temp,2025-06-17T15:33:40,66ce6047fb392de5096ac9f9
630,52,humidity,2025-06-17T15:33:40,66ce6047fb392de5096ac9f9
631,200,co2-concentration,2025-06-17T15:36:42,66ce6047fb392de5096ac9f9
632,25,temp,2025-06-17T15:36:42,66ce6047fb392de5096ac9f9
633,53,humidity,2025-06-17T15:36:42,66ce6047fb392de5096ac9f9
634,200,co2-concentration,2025-06-17T15:39:42,66ce6047fb392de5096ac9f9
635,25,temp,2025-06-17T15:39:42,66ce6047fb392de5096ac9f9
636,52,humidity,2025-06-17T15:39:42,66ce6047fb392de5096ac9f9
637,200,co2-concentration,2025-06-17T15:42:43,66ce6047fb392de5096ac9f9
638,25,temp,2025-06-17T15:42:43,66ce6047fb392de5096ac9f9
639,53,humidity,2025-06-17T15:42:43,66ce6047fb392de5096ac9f9
640,200,co2-concentration,2025-06-17T15:45:43,66ce6047fb392de5096ac9f9
641,25,temp,2025-06-17T15:45:43,66ce6047fb392de5096ac9f9
642,53,humidity,2025-06-17T15:45:43,66ce6047fb392de5096ac9f9
643,200,co2-concentration,2025-06-17T15:48:44,66ce6047fb392de5096ac9f9
644,25,temp,2025-06-17T15:48:44,66ce6047fb392de5096ac9f9
645,53,humidity,2025-06-17T15:48:44,66ce6047fb392de5096ac9f9
646,200,co2-concentration,2025-06-17T15:51:44,66ce6047fb392de5096ac9f9
647,25,temp,2025-06-17T15:51:44,66ce6047fb392de5096ac9f9
648,53,humidity,2025-06-17T15:51:44,66ce6047fb392de5096ac9f9
649,200,co2-concentration,2025-06-17T15:54:45,66ce6047fb392de5096ac9f9
650,25,temp,2025-06-17T15:54:45,66ce6047fb392de5096ac9f9
651,53,humidity,2025-06-17T15:54:45,66ce6047fb392de5096ac9f9
652,200,co2-concentration,2025-06-17T15:57:45,66ce6047fb392de5096ac9f9
653,24,temp,2025-06-17T15:57:45,66ce6047fb392de5096ac9f9
654,53,humidity,2025-06-17T15:57:45,66ce6047fb392de5096ac9f9
655,200,co2-concentration,2025-06-17T16:00:46,66ce6047fb392de5096ac9f9
656,24,temp,2025-06-17T16:00:46,66ce6047fb392de5096ac9f9
657,53,humidity,2025-06-17T16:00:46,66ce6047fb392de5096ac9f9
658,200,co2-concentration,2025-06-17T16:03:46,66ce6047fb392de5096ac9f9
659,23,temp,2025-06-17T16:03:46,66ce6047fb392de5096ac9f9
660,52,humidity,2025-06-17T16:03:46,66ce6047fb392de5096ac9f9
661,200,co2-concentration,2025-06-17T16:06:46,66ce6047fb392de5096ac9f9
662,23,temp,2025-06-17T16:06:46,66ce6047fb392de5096ac9f9
663,52,humidity,2025-06-17T16:06:46,66ce6047fb392de5096ac9f9
664,200,co2-concentration,2025-06-17T16:09:46,66ce6047fb392de5096ac9f9
665,23,temp,2025-06-17T16:09:46,66ce6047fb392de5096ac9f9
666,51,humidity,2025-06-17T16:09:46,66ce6047fb392de5096ac9f9
667,200,co2-concentration,2025-06-17T16:12:46,66ce6047fb392de5096ac9f9
668,22,temp,2025-06-17T16:12:46,66ce6047fb392de5096ac9f9
669,51,humidity,2025-06-17T16:12:46,66ce6047fb392de5096ac9f9
670,200,co2-concentration,2025-06-17T16:15:47,66ce6047fb392de5096ac9f9
671,22,temp,2025-06-17T16:15:47,66ce6047fb392de5096ac9f9
672,50,humidity,2025-06-17T16:15:47,66ce6047fb392de5096ac9f9
673,200,co2-concentration,2025-06-17T16:18:48,66ce6047fb392de5096ac9f9
674,22,temp,2025-06-17T16:18:48,66ce6047fb392de5096ac9f9
675,50,humidity,2025-06-17T16:18:48,66ce6047fb392de5096ac9f9
676,200,co2-concentration,2025-06-17T16:21:48,66ce6047fb392de5096ac9f9
677,22,temp,2025-06-17T16:21:48,66ce6047fb392de5096ac9f9
678,49,humidity,2025-06-17T16:21:48,66ce6047fb392de5096ac9f9
679,200,co2-concentration,2025-06-17T16:24:48,66ce6047fb392de5096ac9f9
680,22,temp,2025-06-17T16:24:48,66ce6047fb392de5096ac9f9
681,49,humidity,2025-06-17T16:24:48,66ce6047fb392de5096ac9f9
682,200,co2-concentration,2025-06-17T16:27:48,66ce6047fb392de5096ac9f9
683,22,temp,2025-06-17T16:27:48,66ce6047fb392de5096ac9f9
684,49,humidity,2025-06-17T16:27:48,66ce6047fb392de5096ac9f9
685,200,co2-concentration,2025-06-17T16:30:48,66ce6047fb392de5096ac9f9
686,22,temp,2025-06-17T16:30:48,66ce6047fb392de5096ac9f9
687,49,humidity,2025-06-17T16:30:48,66ce6047fb392de5096ac9f9
688,200,co2-concentration,2025-06-17T16:33:48,66ce6047fb392de5096ac9f9
689,22,temp,2025-06-17T16:33:48,66ce6047fb392de5096ac9f9
690,48,humidity,2025-06-17T16:33:48,66ce6047fb392de5096ac9f9
691,200,co2-concentration,2025-06-17T16:36:49,66ce6047fb392de5096ac9f9
692,22,temp,2025-06-17T16:36:49,66ce6047fb392de5096ac9f9
693,48,humidity,2025-06-17T16:36:49,66ce6047fb392de5096ac9f9
694,200,co2-concentration,2025-06-17T16:39:49,66ce6047fb392de5096ac9f9
695,22,temp,2025-06-17T16:39:49,66ce6047fb392de5096ac9f9
696,48,humidity,2025-06-17T16:39:49,66ce6047fb392de5096ac9f9
697,200,co2-concentration,2025-06-17T16:42:50,66ce6047fb392de5096ac9f9
698,22,temp,2025-06-17T16:42:50,66ce6047fb392de5096ac9f9
699,48,humidity,2025-06-17T16:42:50,66ce6047fb392de5096ac9f9
700,201.04,co2-concentration,2025-06-17T16:45:50,66ce6047fb392de5096ac9f9
701,22,temp,2025-06-17T16:45:50,66ce6047fb392de5096ac9f9
702,48,humidity,2025-06-17T16:45:50,66ce6047fb392de5096ac9f9
703,220.89,co2-concentration,2025-06-17T16:48:50,66ce6047fb392de5096ac9f9
704,22,temp,2025-06-17T16:48:50,66ce6047fb392de5096ac9f9
705,47,humidity,2025-06-17T16:48:50,66ce6047fb392de5096ac9f9
706,241.82,co2-concentration,2025-06-17T16:51:51,66ce6047fb392de5096ac9f9
707,21,temp,2025-06-17T16:51:51,66ce6047fb392de5096ac9f9
708,47,humidity,2025-06-17T16:51:51,66ce6047fb392de5096ac9f9
709,241.82,co2-concentration,2025-06-17T16:54:52,66ce6047fb392de5096ac9f9
710,22,temp,2025-06-17T16:54:52,66ce6047fb392de5096ac9f9
711,47,humidity,2025-06-17T16:54:52,66ce6047fb392de5096ac9f9
712,241.82,co2-concentration,2025-06-17T16:57:52,66ce6047fb392de5096ac9f9
713,22,temp,2025-06-17T16:57:52,66ce6047fb392de5096ac9f9
714,49,humidity,2025-06-17T16:57:52,66ce6047fb392de5096ac9f9
715,220.89,co2-concentration,2025-06-17T17:00:53,66ce6047fb392de5096ac9f9
716,22,temp,2025-06-17T17:00:53,66ce6047fb392de5096ac9f9
717,48,humidity,2025-06-17T17:00:53,66ce6047fb392de5096ac9f9
718,201.04,co2-concentration,2025-06-17T17:03:54,66ce6047fb392de5096ac9f9
719,22,temp,2025-06-17T17:03:54,66ce6047fb392de5096ac9f9
720,48,humidity,2025-06-17T17:03:54,66ce6047fb392de5096ac9f9
721,201.04,co2-concentration,2025-06-17T17:06:54,66ce6047fb392de5096ac9f9
722,22,temp,2025-06-17T17:06:54,66ce6047fb392de5096ac9f9
723,48,humidity,2025-06-17T17:06:54,66ce6047fb392de5096ac9f9
724,201.04,co2-concentration,2025-06-17T17:09:54,66ce6047fb392de5096ac9f9
725,22,temp,2025-06-17T17:09:54,66ce6047fb392de5096ac9f9
726,47,humidity,2025-06-17T17:09:54,66ce6047fb392de5096ac9f9
727,201.04,co2-concentration,2025-06-17T17:12:55,66ce6047fb392de5096ac9f9
728,21,temp,2025-06-17T17:12:55,66ce6047fb392de5096ac9f9
729,47,humidity,2025-06-17T17:12:55,66ce6047fb392de5096ac9f9
730,201.04,co2-concentration,2025-06-17T17:15:55,66ce6047fb392de5096ac9f9
731,21,temp,2025-06-17T17:15:55,66ce6047fb392de5096ac9f9
732,47,humidity,2025-06-17T17:15:55,66ce6047fb392de5096ac9f9
733,201.04,co2-concentration,2025-06-17T17:18:56,66ce6047fb392de5096ac9f9
734,22,temp,2025-06-17T17:18:56,66ce6047fb392de5096ac9f9
735,47,humidity,2025-06-17T17:18:56,66ce6047fb392de5096ac9f9
736,200,co2-concentration,2025-06-17T17:21:56,66ce6047fb392de5096ac9f9
737,22,temp,2025-06-17T17:21:56,66ce6047fb392de5096ac9f9
738,45,humidity,2025-06-17T17:21:56,66ce6047fb392de5096ac9f9
739,200,co2-concentration,2025-06-17T17:24:57,66ce6047fb392de5096ac9f9
740,22,temp,2025-06-17T17:24:57,66ce6047fb392de5096ac9f9
741,45,humidity,2025-06-17T17:24:57,66ce6047fb392de5096ac9f9
742,200,co2-concentration,2025-06-17T17:27:57,66ce6047fb392de5096ac9f9
743,23,temp,2025-06-17T17:27:57,66ce6047fb392de5096ac9f9
744,44,humidity,2025-06-17T17:27:57,66ce6047fb392de5096ac9f9
745,200,co2-concentration,2025-06-17T17:30:57,66ce6047fb392de5096ac9f9
746,23,temp,2025-06-17T17:30:57,66ce6047fb392de5096ac9f9
747,44,humidity,2025-06-17T17:30:57,66ce6047fb392de5096ac9f9
748,200,co2-concentration,2025-06-17T17:33:58,66ce6047fb392de5096ac9f9
749,23,temp,2025-06-17T17:33:58,66ce6047fb392de5096ac9f9
750,44,humidity,2025-06-17T17:33:58,66ce6047fb392de5096ac9f9
751,200,co2-concentration,2025-06-17T17:36:58,66ce6047fb392de5096ac9f9
752,23,temp,2025-06-17T17:36:58,66ce6047fb392de5096ac9f9
753,44,humidity,2025-06-17T17:36:58,66ce6047fb392de5096ac9f9
754,200,co2-concentration,2025-06-17T17:39:59,66ce6047fb392de5096ac9f9
755,23,temp,2025-06-17T17:39:59,66ce6047fb392de5096ac9f9
756,43,humidity,2025-06-17T17:39:59,66ce6047fb392de5096ac9f9
757,200,co2-concentration,2025-06-17T17:42:59,66ce6047fb392de5096ac9f9
758,23,temp,2025-06-17T17:42:59,66ce6047fb392de5096ac9f9
759,43,humidity,2025-06-17T17:42:59,66ce6047fb392de5096ac9f9
760,200,co2-concentration,2025-06-17T17:46:00,66ce6047fb392de5096ac9f9
761,23,temp,2025-06-17T17:46:00,66ce6047fb392de5096ac9f9
762,43,humidity,2025-06-17T17:46:00,66ce6047fb392de5096ac9f9
763,200,co2-concentration,2025-06-17T17:49:00,66ce6047fb392de5096ac9f9
764,23,temp,2025-06-17T17:49:00,66ce6047fb392de5096ac9f9
765,43,humidity,2025-06-17T17:49:00,66ce6047fb392de5096ac9f9
766,200,co2-concentration,2025-06-17T17:52:01,66ce6047fb392de5096ac9f9
767,23,temp,2025-06-17T17:52:01,66ce6047fb392de5096ac9f9
768,43,humidity,2025-06-17T17:52:01,66ce6047fb392de5096ac9f9
769,200,co2-concentration,2025-06-17T17:58:04,66ce6047fb392de5096ac9f9
770,23,temp,2025-06-17T17:58:04,66ce6047fb392de5096ac9f9
771,43,humidity,2025-06-17T17:58:04,66ce6047fb392de5096ac9f9
772,200,co2-concentration,2025-06-17T18:01:05,66ce6047fb392de5096ac9f9
773,23,temp,2025-06-17T18:01:05,66ce6047fb392de5096ac9f9
774,42,humidity,2025-06-17T18:01:05,66ce6047fb392de5096ac9f9
775,200,co2-concentration,2025-06-17T18:04:05,66ce6047fb392de5096ac9f9
776,23,temp,2025-06-17T18:04:05,66ce6047fb392de5096ac9f9
777,42,humidity,2025-06-17T18:04:05,66ce6047fb392de5096ac9f9
778,200,co2-concentration,2025-06-17T18:07:06,66ce6047fb392de5096ac9f9
779,23,temp,2025-06-17T18:07:06,66ce6047fb392de5096ac9f9
780,43,humidity,2025-06-17T18:07:06,66ce6047fb392de5096ac9f9
781,200,co2-concentration,2025-06-17T18:10:07,66ce6047fb392de5096ac9f9
782,23,temp,2025-06-17T18:10:07,66ce6047fb392de5096ac9f9
783,45,humidity,2025-06-17T18:10:07,66ce6047fb392de5096ac9f9
784,200,co2-concentration,2025-06-17T18:13:07,66ce6047fb392de5096ac9f9
785,22,temp,2025-06-17T18:13:07,66ce6047fb392de5096ac9f9
786,46,humidity,2025-06-17T18:13:07,66ce6047fb392de5096ac9f9
787,200,co2-concentration,2025-06-17T18:16:07,66ce6047fb392de5096ac9f9
788,21,temp,2025-06-17T18:16:07,66ce6047fb392de5096ac9f9
789,47,humidity,2025-06-17T18:16:07,66ce6047fb392de5096ac9f9
790,200,co2-concentration,2025-06-17T18:19:08,66ce6047fb392de5096ac9f9
791,21,temp,2025-06-17T18:19:08,66ce6047fb392de5096ac9f9
792,47,humidity,2025-06-17T18:19:08,66ce6047fb392de5096ac9f9
793,200,co2-concentration,2025-06-17T18:22:09,66ce6047fb392de5096ac9f9
794,21,temp,2025-06-17T18:22:09,66ce6047fb392de5096ac9f9
795,47,humidity,2025-06-17T18:22:09,66ce6047fb392de5096ac9f9
796,200,co2-concentration,2025-06-17T18:25:10,66ce6047fb392de5096ac9f9
797,21,temp,2025-06-17T18:25:10,66ce6047fb392de5096ac9f9
798,46,humidity,2025-06-17T18:25:10,66ce6047fb392de5096ac9f9
799,200,co2-concentration,2025-06-17T18:28:10,66ce6047fb392de5096ac9f9
800,22,temp,2025-06-17T18:28:10,66ce6047fb392de5096ac9f9
801,46,humidity,2025-06-17T18:28:10,66ce6047fb392de5096ac9f9
802,200,co2-concentration,2025-06-17T18:31:11,66ce6047fb392de5096ac9f9
803,22,temp,2025-06-17T18:31:11,66ce6047fb392de5096ac9f9
804,46,humidity,2025-06-17T18:31:11,66ce6047fb392de5096ac9f9
805,201.04,co2-concentration,2025-06-17T18:34:11,66ce6047fb392de5096ac9f9
806,22,temp,2025-06-17T18:34:11,66ce6047fb392de5096ac9f9
807,46,humidity,2025-06-17T18:34:11,66ce6047fb392de5096ac9f9
808,201.04,co2-concentration,2025-06-17T18:37:12,66ce6047fb392de5096ac9f9
809,22,temp,2025-06-17T18:37:12,66ce6047fb392de5096ac9f9
810,45,humidity,2025-06-17T18:37:12,66ce6047fb392de5096ac9f9
811,220.89,co2-concentration,2025-06-17T18:40:13,66ce6047fb392de5096ac9f9
812,22,temp,2025-06-17T18:40:13,66ce6047fb392de5096ac9f9
813,45,humidity,2025-06-17T18:40:13,66ce6047fb392de5096ac9f9
814,220.89,co2-concentration,2025-06-17T18:43:13,66ce6047fb392de5096ac9f9
815,23,temp,2025-06-17T18:43:13,66ce6047fb392de5096ac9f9
816,45,humidity,2025-06-17T18:43:13,66ce6047fb392de5096ac9f9
817,220.89,co2-concentration,2025-06-17T18:46:14,66ce6047fb392de5096ac9f9
818,23,temp,2025-06-17T18:46:14,66ce6047fb392de5096ac9f9
819,45,humidity,2025-06-17T18:46:14,66ce6047fb392de5096ac9f9
820,220.89,co2-concentration,2025-06-17T18:49:15,66ce6047fb392de5096ac9f9
821,23,temp,2025-06-17T18:49:15,66ce6047fb392de5096ac9f9
822,45,humidity,2025-06-17T18:49:15,66ce6047fb392de5096ac9f9
823,241.82,co2-concentration,2025-06-17T18:52:16,66ce6047fb392de5096ac9f9
824,23,temp,2025-06-17T18:52:16,66ce6047fb392de5096ac9f9
825,45,humidity,2025-06-17T18:52:16,66ce6047fb392de5096ac9f9
826,220.89,co2-concentration,2025-06-17T18:55:17,66ce6047fb392de5096ac9f9
827,23,temp,2025-06-17T18:55:17,66ce6047fb392de5096ac9f9
828,45,humidity,2025-06-17T18:55:17,66ce6047fb392de5096ac9f9
829,220.89,co2-concentration,2025-06-17T18:58:17,66ce6047fb392de5096ac9f9
830,23,temp,2025-06-17T18:58:17,66ce6047fb392de5096ac9f9
831,45,humidity,2025-06-17T18:58:17,66ce6047fb392de5096ac9f9
832,220.89,co2-concentration,2025-06-17T19:01:18,66ce6047fb392de5096ac9f9
833,23,temp,2025-06-17T19:01:18,66ce6047fb392de5096ac9f9
834,45,humidity,2025-06-17T19:01:18,66ce6047fb392de5096ac9f9
835,220.89,co2-concentration,2025-06-17T19:04:19,66ce6047fb392de5096ac9f9
836,23,temp,2025-06-17T19:04:19,66ce6047fb392de5096ac9f9
837,45,humidity,2025-06-17T19:04:19,66ce6047fb392de5096ac9f9
838,220.89,co2-concentration,2025-06-17T19:07:19,66ce6047fb392de5096ac9f9
839,23,temp,2025-06-17T19:07:19,66ce6047fb392de5096ac9f9
840,45,humidity,2025-06-17T19:07:19,66ce6047fb392de5096ac9f9
841,241.82,co2-concentration,2025-06-17T19:10:20,66ce6047fb392de5096ac9f9
842,23,temp,2025-06-17T19:10:20,66ce6047fb392de5096ac9f9
843,45,humidity,2025-06-17T19:10:20,66ce6047fb392de5096ac9f9
844,220.89,co2-concentration,2025-06-17T19:13:20,66ce6047fb392de5096ac9f9
845,23,temp,2025-06-17T19:13:20,66ce6047fb392de5096ac9f9
846,45,humidity,2025-06-17T19:13:20,66ce6047fb392de5096ac9f9
847,220.89,co2-concentration,2025-06-17T19:16:21,66ce6047fb392de5096ac9f9
848,23,temp,2025-06-17T19:16:21,66ce6047fb392de5096ac9f9
849,46,humidity,2025-06-17T19:16:21,66ce6047fb392de5096ac9f9
850,220.89,co2-concentration,2025-06-17T19:19:21,66ce6047fb392de5096ac9f9
851,23,temp,2025-06-17T19:19:21,66ce6047fb392de5096ac9f9
852,46,humidity,2025-06-17T19:19:21,66ce6047fb392de5096ac9f9
853,220.89,co2-concentration,2025-06-17T19:22:22,66ce6047fb392de5096ac9f9
854,23,temp,2025-06-17T19:22:22,66ce6047fb392de5096ac9f9
855,46,humidity,2025-06-17T19:22:22,66ce6047fb392de5096ac9f9
856,201.04,co2-concentration,2025-06-17T19:25:22,66ce6047fb392de5096ac9f9
857,23,temp,2025-06-17T19:25:22,66ce6047fb392de5096ac9f9
858,46,humidity,2025-06-17T19:25:22,66ce6047fb392de5096ac9f9
859,220.89,co2-concentration,2025-06-17T19:28:23,66ce6047fb392de5096ac9f9
860,23,temp,2025-06-17T19:28:23,66ce6047fb392de5096ac9f9
861,46,humidity,2025-06-17T19:28:23,66ce6047fb392de5096ac9f9
862,220.89,co2-concentration,2025-06-17T19:31:23,66ce6047fb392de5096ac9f9
863,23,temp,2025-06-17T19:31:23,66ce6047fb392de5096ac9f9
864,46,humidity,2025-06-17T19:31:23,66ce6047fb392de5096ac9f9
865,201.04,co2-concentration,2025-06-17T19:34:24,66ce6047fb392de5096ac9f9
866,23,temp,2025-06-17T19:34:24,66ce6047fb392de5096ac9f9
867,47,humidity,2025-06-17T19:34:24,66ce6047fb392de5096ac9f9
868,201.04,co2-concentration,2025-06-17T19:37:24,66ce6047fb392de5096ac9f9
869,23,temp,2025-06-17T19:37:24,66ce6047fb392de5096ac9f9
870,47,humidity,2025-06-17T19:37:24,66ce6047fb392de5096ac9f9
871,201.04,co2-concentration,2025-06-17T19:40:24,66ce6047fb392de5096ac9f9
872,23,temp,2025-06-17T19:40:24,66ce6047fb392de5096ac9f9
873,46,humidity,2025-06-17T19:40:24,66ce6047fb392de5096ac9f9
874,201.04,co2-concentration,2025-06-17T19:43:25,66ce6047fb392de5096ac9f9
875,23,temp,2025-06-17T19:43:25,66ce6047fb392de5096ac9f9
876,46,humidity,2025-06-17T19:43:25,66ce6047fb392de5096ac9f9
877,201.04,co2-concentration,2025-06-17T19:46:25,66ce6047fb392de5096ac9f9
878,23,temp,2025-06-17T19:46:25,66ce6047fb392de5096ac9f9
879,46,humidity,2025-06-17T19:46:25,66ce6047fb392de5096ac9f9
880,201.04,co2-concentration,2025-06-17T19:49:26,66ce6047fb392de5096ac9f9
881,23,temp,2025-06-17T19:49:26,66ce6047fb392de5096ac9f9
882,46,humidity,2025-06-17T19:49:26,66ce6047fb392de5096ac9f9
883,201.04,co2-concentration,2025-06-17T19:52:27,66ce6047fb392de5096ac9f9
884,23,temp,2025-06-17T19:52:27,66ce6047fb392de5096ac9f9
885,46,humidity,2025-06-17T19:52:27,66ce6047fb392de5096ac9f9
886,220.89,co2-concentration,2025-06-17T19:55:28,66ce6047fb392de5096ac9f9
887,23,temp,2025-06-17T19:55:28,66ce6047fb392de5096ac9f9
888,46,humidity,2025-06-17T19:55:28,66ce6047fb392de5096ac9f9
889,220.89,co2-concentration,2025-06-17T19:58:28,66ce6047fb392de5096ac9f9
890,23,temp,2025-06-17T19:58:28,66ce6047fb392de5096ac9f9
891,46,humidity,2025-06-17T19:58:28,66ce6047fb392de5096ac9f9
892,220.89,co2-concentration,2025-06-17T20:01:29,66ce6047fb392de5096ac9f9
893,23,temp,2025-06-17T20:01:29,66ce6047fb392de5096ac9f9
894,46,humidity,2025-06-17T20:01:29,66ce6047fb392de5096ac9f9
895,220.89,co2-concentration,2025-06-17T20:04:30,66ce6047fb392de5096ac9f9
896,23,temp,2025-06-17T20:04:30,66ce6047fb392de5096ac9f9
897,46,humidity,2025-06-17T20:04:30,66ce6047fb392de5096ac9f9
898,220.89,co2-concentration,2025-06-17T20:07:31,66ce6047fb392de5096ac9f9
899,23,temp,2025-06-17T20:07:31,66ce6047fb392de5096ac9f9
900,45,humidity,2025-06-17T20:07:31,66ce6047fb392de5096ac9f9
901,220.89,co2-concentration,2025-06-17T20:10:32,66ce6047fb392de5096ac9f9
902,23,temp,2025-06-17T20:10:32,66ce6047fb392de5096ac9f9
903,46,humidity,2025-06-17T20:10:32,66ce6047fb392de5096ac9f9
904,220.89,co2-concentration,2025-06-17T20:13:32,66ce6047fb392de5096ac9f9
905,23,temp,2025-06-17T20:13:32,66ce6047fb392de5096ac9f9
906,45,humidity,2025-06-17T20:13:32,66ce6047fb392de5096ac9f9
907,220.89,co2-concentration,2025-06-17T20:16:33,66ce6047fb392de5096ac9f9
908,23,temp,2025-06-17T20:16:33,66ce6047fb392de5096ac9f9
909,45,humidity,2025-06-17T20:16:33,66ce6047fb392de5096ac9f9
910,220.89,co2-concentration,2025-06-17T20:19:34,66ce6047fb392de5096ac9f9
911,23,temp,2025-06-17T20:19:34,66ce6047fb392de5096ac9f9
912,45,humidity,2025-06-17T20:19:34,66ce6047fb392de5096ac9f9
913,263.86,co2-concentration,2025-06-17T20:22:34,66ce6047fb392de5096ac9f9
914,23,temp,2025-06-17T20:22:34,66ce6047fb392de5096ac9f9
915,45,humidity,2025-06-17T20:22:34,66ce6047fb392de5096ac9f9
916,241.82,co2-concentration,2025-06-17T20:25:34,66ce6047fb392de5096ac9f9
917,24,temp,2025-06-17T20:25:34,66ce6047fb392de5096ac9f9
918,45,humidity,2025-06-17T20:25:34,66ce6047fb392de5096ac9f9
919,241.82,co2-concentration,2025-06-17T20:28:35,66ce6047fb392de5096ac9f9
920,24,temp,2025-06-17T20:28:35,66ce6047fb392de5096ac9f9
921,45,humidity,2025-06-17T20:28:35,66ce6047fb392de5096ac9f9
922,241.82,co2-concentration,2025-06-17T20:31:35,66ce6047fb392de5096ac9f9
923,24,temp,2025-06-17T20:31:35,66ce6047fb392de5096ac9f9
924,45,humidity,2025-06-17T20:31:35,66ce6047fb392de5096ac9f9
925,241.82,co2-concentration,2025-06-17T20:34:36,66ce6047fb392de5096ac9f9
926,25,temp,2025-06-17T20:34:36,66ce6047fb392de5096ac9f9
927,44,humidity,2025-06-17T20:34:36,66ce6047fb392de5096ac9f9
928,241.82,co2-concentration,2025-06-17T20:37:36,66ce6047fb392de5096ac9f9
929,25,temp,2025-06-17T20:37:36,66ce6047fb392de5096ac9f9
930,44,humidity,2025-06-17T20:37:36,66ce6047fb392de5096ac9f9
931,241.82,co2-concentration,2025-06-17T20:40:37,66ce6047fb392de5096ac9f9
932,25,temp,2025-06-17T20:40:37,66ce6047fb392de5096ac9f9
933,44,humidity,2025-06-17T20:40:37,66ce6047fb392de5096ac9f9
934,263.86,co2-concentration,2025-06-17T20:43:37,66ce6047fb392de5096ac9f9
935,25,temp,2025-06-17T20:43:37,66ce6047fb392de5096ac9f9
936,44,humidity,2025-06-17T20:43:37,66ce6047fb392de5096ac9f9
937,220.89,co2-concentration,2025-06-17T20:46:38,66ce6047fb392de5096ac9f9
938,25,temp,2025-06-17T20:46:38,66ce6047fb392de5096ac9f9
939,44,humidity,2025-06-17T20:46:38,66ce6047fb392de5096ac9f9
940,220.89,co2-concentration,2025-06-17T20:49:38,66ce6047fb392de5096ac9f9
941,25,temp,2025-06-17T20:49:38,66ce6047fb392de5096ac9f9
942,44,humidity,2025-06-17T20:49:38,66ce6047fb392de5096ac9f9
943,241.82,co2-concentration,2025-06-17T20:52:38,66ce6047fb392de5096ac9f9
944,25,temp,2025-06-17T20:52:38,66ce6047fb392de5096ac9f9
945,45,humidity,2025-06-17T20:52:38,66ce6047fb392de5096ac9f9
946,241.82,co2-concentration,2025-06-17T20:55:39,66ce6047fb392de5096ac9f9
947,25,temp,2025-06-17T20:55:39,66ce6047fb392de5096ac9f9
948,46,humidity,2025-06-17T20:55:39,66ce6047fb392de5096ac9f9
949,220.89,co2-concentration,2025-06-17T20:58:39,66ce6047fb392de5096ac9f9
950,25,temp,2025-06-17T20:58:39,66ce6047fb392de5096ac9f9
951,46,humidity,2025-06-17T20:58:39,66ce6047fb392de5096ac9f9
952,220.89,co2-concentration,2025-06-17T21:01:39,66ce6047fb392de5096ac9f9
953,25,temp,2025-06-17T21:01:39,66ce6047fb392de5096ac9f9
954,46,humidity,2025-06-17T21:01:39,66ce6047fb392de5096ac9f9
955,220.89,co2-concentration,2025-06-17T21:04:40,66ce6047fb392de5096ac9f9
956,26,temp,2025-06-17T21:04:40,66ce6047fb392de5096ac9f9
957,46,humidity,2025-06-17T21:04:40,66ce6047fb392de5096ac9f9
958,241.82,co2-concentration,2025-06-17T21:07:40,66ce6047fb392de5096ac9f9
959,26,temp,2025-06-17T21:07:40,66ce6047fb392de5096ac9f9
960,46,humidity,2025-06-17T21:07:40,66ce6047fb392de5096ac9f9
961,220.89,co2-concentration,2025-06-17T21:10:41,66ce6047fb392de5096ac9f9
962,26,temp,2025-06-17T21:10:41,66ce6047fb392de5096ac9f9
963,46,humidity,2025-06-17T21:10:41,66ce6047fb392de5096ac9f9
964,220.89,co2-concentration,2025-06-17T21:13:41,66ce6047fb392de5096ac9f9
965,26,temp,2025-06-17T21:13:41,66ce6047fb392de5096ac9f9
966,46,humidity,2025-06-17T21:13:41,66ce6047fb392de5096ac9f9
967,220.89,co2-concentration,2025-06-17T21:16:41,66ce6047fb392de5096ac9f9
968,26,temp,2025-06-17T21:16:41,66ce6047fb392de5096ac9f9
969,46,humidity,2025-06-17T21:16:41,66ce6047fb392de5096ac9f9
970,220.89,co2-concentration,2025-06-17T21:19:42,66ce6047fb392de5096ac9f9
971,26,temp,2025-06-17T21:19:42,66ce6047fb392de5096ac9f9
972,47,humidity,2025-06-17T21:19:42,66ce6047fb392de5096ac9f9
973,220.89,co2-concentration,2025-06-17T21:22:42,66ce6047fb392de5096ac9f9
974,26,temp,2025-06-17T21:22:42,66ce6047fb392de5096ac9f9
975,46,humidity,2025-06-17T21:22:42,66ce6047fb392de5096ac9f9
976,220.89,co2-concentration,2025-06-17T21:25:42,66ce6047fb392de5096ac9f9
977,26,temp,2025-06-17T21:25:42,66ce6047fb392de5096ac9f9
978,47,humidity,2025-06-17T21:25:42,66ce6047fb392de5096ac9f9
979,220.89,co2-concentration,2025-06-17T21:28:43,66ce6047fb392de5096ac9f9
980,26,temp,2025-06-17T21:28:43,66ce6047fb392de5096ac9f9
981,47,humidity,2025-06-17T21:28:43,66ce6047fb392de5096ac9f9
982,201.04,co2-concentration,2025-06-17T21:31:43,66ce6047fb392de5096ac9f9
983,26,temp,2025-06-17T21:31:43,66ce6047fb392de5096ac9f9
984,47,humidity,2025-06-17T21:31:43,66ce6047fb392de5096ac9f9
985,201.04,co2-concentration,2025-06-17T21:34:44,66ce6047fb392de5096ac9f9
986,26,temp,2025-06-17T21:34:44,66ce6047fb392de5096ac9f9
987,47,humidity,2025-06-17T21:34:44,66ce6047fb392de5096ac9f9
988,201.04,co2-concentration,2025-06-17T21:37:44,66ce6047fb392de5096ac9f9
989,26,temp,2025-06-17T21:37:44,66ce6047fb392de5096ac9f9
990,48,humidity,2025-06-17T21:37:44,66ce6047fb392de5096ac9f9
991,201.04,co2-concentration,2025-06-17T21:40:44,66ce6047fb392de5096ac9f9
992,26,temp,2025-06-17T21:40:44,66ce6047fb392de5096ac9f9
993,48,humidity,2025-06-17T21:40:44,66ce6047fb392de5096ac9f9
994,201.04,co2-concentration,2025-06-17T21:43:44,66ce6047fb392de5096ac9f9
995,26,temp,2025-06-17T21:43:44,66ce6047fb392de5096ac9f9
996,48,humidity,2025-06-17T21:43:44,66ce6047fb392de5096ac9f9
997,201.04,co2-concentration,2025-06-17T21:46:45,66ce6047fb392de5096ac9f9
998,26,temp,2025-06-17T21:46:45,66ce6047fb392de5096ac9f9
999,48,humidity,2025-06-17T21:46:45,66ce6047fb392de5096ac9f9
1000,201.04,co2-concentration,2025-06-17T21:49:45,66ce6047fb392de5096ac9f9
1001,26,temp,2025-06-17T21:49:45,66ce6047fb392de5096ac9f9
1002,48,humidity,2025-06-17T21:49:45,66ce6047fb392de5096ac9f9
1003,201.04,co2-concentration,2025-06-17T21:52:45,66ce6047fb392de5096ac9f9
1004,26,temp,2025-06-17T21:52:45,66ce6047fb392de5096ac9f9
1005,49,humidity,2025-06-17T21:52:45,66ce6047fb392de5096ac9f9
1006,220.89,co2-concentration,2025-06-17T21:55:46,66ce6047fb392de5096ac9f9
1007,26,temp,2025-06-17T21:55:46,66ce6047fb392de5096ac9f9
1008,49,humidity,2025-06-17T21:55:46,66ce6047fb392de5096ac9f9
1009,201.04,co2-concentration,2025-06-17T21:58:46,66ce6047fb392de5096ac9f9
1010,26,temp,2025-06-17T21:58:46,66ce6047fb392de5096ac9f9
1011,49,humidity,2025-06-17T21:58:46,66ce6047fb392de5096ac9f9
1012,201.04,co2-concentration,2025-06-17T22:01:46,66ce6047fb392de5096ac9f9
1013,26,temp,2025-06-17T22:01:46,66ce6047fb392de5096ac9f9
1014,49,humidity,2025-06-17T22:01:46,66ce6047fb392de5096ac9f9
1015,201.04,co2-concentration,2025-06-17T22:04:47,66ce6047fb392de5096ac9f9
1016,26,temp,2025-06-17T22:04:47,66ce6047fb392de5096ac9f9
1017,49,humidity,2025-06-17T22:04:47,66ce6047fb392de5096ac9f9
1018,220.89,co2-concentration,2025-06-17T22:07:47,66ce6047fb392de5096ac9f9
1019,26,temp,2025-06-17T22:07:47,66ce6047fb392de5096ac9f9
1020,49,humidity,2025-06-17T22:07:47,66ce6047fb392de5096ac9f9
1021,201.04,co2-concentration,2025-06-17T22:10:47,66ce6047fb392de5096ac9f9
1022,26,temp,2025-06-17T22:10:47,66ce6047fb392de5096ac9f9
1023,49,humidity,2025-06-17T22:10:47,66ce6047fb392de5096ac9f9
1024,201.04,co2-concentration,2025-06-17T22:13:48,66ce6047fb392de5096ac9f9
1025,26,temp,2025-06-17T22:13:48,66ce6047fb392de5096ac9f9
1026,50,humidity,2025-06-17T22:13:48,66ce6047fb392de5096ac9f9
1027,201.04,co2-concentration,2025-06-17T22:16:48,66ce6047fb392de5096ac9f9
1028,26,temp,2025-06-17T22:16:48,66ce6047fb392de5096ac9f9
1029,50,humidity,2025-06-17T22:16:48,66ce6047fb392de5096ac9f9
1030,201.04,co2-concentration,2025-06-17T22:19:48,66ce6047fb392de5096ac9f9
1031,26,temp,2025-06-17T22:19:48,66ce6047fb392de5096ac9f9
1032,50,humidity,2025-06-17T22:19:48,66ce6047fb392de5096ac9f9
1033,201.04,co2-concentration,2025-06-17T22:22:49,66ce6047fb392de5096ac9f9
1034,26,temp,2025-06-17T22:22:49,66ce6047fb392de5096ac9f9
1035,50,humidity,2025-06-17T22:22:49,66ce6047fb392de5096ac9f9
1036,201.04,co2-concentration,2025-06-17T22:25:49,66ce6047fb392de5096ac9f9
1037,26,temp,2025-06-17T22:25:49,66ce6047fb392de5096ac9f9
1038,50,humidity,2025-06-17T22:25:49,66ce6047fb392de5096ac9f9
1039,201.04,co2-concentration,2025-06-17T22:28:49,66ce6047fb392de5096ac9f9
1040,26,temp,2025-06-17T22:28:49,66ce6047fb392de5096ac9f9
1041,50,humidity,2025-06-17T22:28:49,66ce6047fb392de5096ac9f9
1042,201.04,co2-concentration,2025-06-17T22:31:49,66ce6047fb392de5096ac9f9
1043,26,temp,2025-06-17T22:31:49,66ce6047fb392de5096ac9f9
1044,50,humidity,2025-06-17T22:31:49,66ce6047fb392de5096ac9f9
1045,201.04,co2-concentration,2025-06-17T22:34:50,66ce6047fb392de5096ac9f9
1046,26,temp,2025-06-17T22:34:50,66ce6047fb392de5096ac9f9
1047,50,humidity,2025-06-17T22:34:50,66ce6047fb392de5096ac9f9
1048,201.04,co2-concentration,2025-06-17T22:37:50,66ce6047fb392de5096ac9f9
1049,26,temp,2025-06-17T22:37:50,66ce6047fb392de5096ac9f9
1050,51,humidity,2025-06-17T22:37:50,66ce6047fb392de5096ac9f9
1051,201.04,co2-concentration,2025-06-17T22:40:50,66ce6047fb392de5096ac9f9
1052,26,temp,2025-06-17T22:40:50,66ce6047fb392de5096ac9f9
1053,51,humidity,2025-06-17T22:40:50,66ce6047fb392de5096ac9f9
1054,201.04,co2-concentration,2025-06-17T22:43:50,66ce6047fb392de5096ac9f9
1055,26,temp,2025-06-17T22:43:50,66ce6047fb392de5096ac9f9
1056,51,humidity,2025-06-17T22:43:50,66ce6047fb392de5096ac9f9
1057,201.04,co2-concentration,2025-06-17T22:46:51,66ce6047fb392de5096ac9f9
1058,26,temp,2025-06-17T22:46:51,66ce6047fb392de5096ac9f9
1059,51,humidity,2025-06-17T22:46:51,66ce6047fb392de5096ac9f9
1060,201.04,co2-concentration,2025-06-17T22:49:51,66ce6047fb392de5096ac9f9
1061,26,temp,2025-06-17T22:49:51,66ce6047fb392de5096ac9f9
1062,51,humidity,2025-06-17T22:49:51,66ce6047fb392de5096ac9f9
1063,201.04,co2-concentration,2025-06-17T22:52:51,66ce6047fb392de5096ac9f9
1064,26,temp,2025-06-17T22:52:51,66ce6047fb392de5096ac9f9
1065,51,humidity,2025-06-17T22:52:51,66ce6047fb392de5096ac9f9
1066,201.04,co2-concentration,2025-06-17T22:55:52,66ce6047fb392de5096ac9f9
1067,26,temp,2025-06-17T22:55:52,66ce6047fb392de5096ac9f9
1068,51,humidity,2025-06-17T22:55:52,66ce6047fb392de5096ac9f9
1069,201.04,co2-concentration,2025-06-17T22:58:52,66ce6047fb392de5096ac9f9
1070,26,temp,2025-06-17T22:58:52,66ce6047fb392de5096ac9f9
1071,51,humidity,2025-06-17T22:58:52,66ce6047fb392de5096ac9f9
1072,201.04,co2-concentration,2025-06-17T23:01:52,66ce6047fb392de5096ac9f9
1073,26,temp,2025-06-17T23:01:52,66ce6047fb392de5096ac9f9
1074,51,humidity,2025-06-17T23:01:52,66ce6047fb392de5096ac9f9
1075,201.04,co2-concentration,2025-06-17T23:04:53,66ce6047fb392de5096ac9f9
1076,26,temp,2025-06-17T23:04:53,66ce6047fb392de5096ac9f9
1077,52,humidity,2025-06-17T23:04:53,66ce6047fb392de5096ac9f9
1078,201.04,co2-concentration,2025-06-17T23:07:53,66ce6047fb392de5096ac9f9
1079,26,temp,2025-06-17T23:07:53,66ce6047fb392de5096ac9f9
1080,52,humidity,2025-06-17T23:07:53,66ce6047fb392de5096ac9f9
1081,201.04,co2-concentration,2025-06-17T23:10:53,66ce6047fb392de5096ac9f9
1082,26,temp,2025-06-17T23:10:53,66ce6047fb392de5096ac9f9
1083,52,humidity,2025-06-17T23:10:53,66ce6047fb392de5096ac9f9
1084,201.04,co2-concentration,2025-06-17T23:13:53,66ce6047fb392de5096ac9f9
1085,26,temp,2025-06-17T23:13:53,66ce6047fb392de5096ac9f9
1086,52,humidity,2025-06-17T23:13:53,66ce6047fb392de5096ac9f9
1087,201.04,co2-concentration,2025-06-17T23:16:54,66ce6047fb392de5096ac9f9
1088,26,temp,2025-06-17T23:16:54,66ce6047fb392de5096ac9f9
1089,52,humidity,2025-06-17T23:16:54,66ce6047fb392de5096ac9f9
1090,201.04,co2-concentration,2025-06-17T23:19:54,66ce6047fb392de5096ac9f9
1091,26,temp,2025-06-17T23:19:54,66ce6047fb392de5096ac9f9
1092,52,humidity,2025-06-17T23:19:54,66ce6047fb392de5096ac9f9
1093,200,co2-concentration,2025-06-17T23:22:54,66ce6047fb392de5096ac9f9
1094,26,temp,2025-06-17T23:22:54,66ce6047fb392de5096ac9f9
1095,53,humidity,2025-06-17T23:22:54,66ce6047fb392de5096ac9f9
1096,201.04,co2-concentration,2025-06-17T23:25:54,66ce6047fb392de5096ac9f9
1097,26,temp,2025-06-17T23:25:54,66ce6047fb392de5096ac9f9
1098,53,humidity,2025-06-17T23:25:54,66ce6047fb392de5096ac9f9
1099,200,co2-concentration,2025-06-17T23:28:55,66ce6047fb392de5096ac9f9
1100,26,temp,2025-06-17T23:28:55,66ce6047fb392de5096ac9f9
1101,53,humidity,2025-06-17T23:28:55,66ce6047fb392de5096ac9f9
1102,200,co2-concentration,2025-06-17T23:31:55,66ce6047fb392de5096ac9f9
1103,26,temp,2025-06-17T23:31:55,66ce6047fb392de5096ac9f9
1104,53,humidity,2025-06-17T23:31:55,66ce6047fb392de5096ac9f9
1105,200,co2-concentration,2025-06-17T23:34:55,66ce6047fb392de5096ac9f9
1106,26,temp,2025-06-17T23:34:55,66ce6047fb392de5096ac9f9
1107,53,humidity,2025-06-17T23:34:55,66ce6047fb392de5096ac9f9
1108,201.04,co2-concentration,2025-06-17T23:37:55,66ce6047fb392de5096ac9f9
1109,26,temp,2025-06-17T23:37:55,66ce6047fb392de5096ac9f9
1110,53,humidity,2025-06-17T23:37:55,66ce6047fb392de5096ac9f9
1111,200,co2-concentration,2025-06-17T23:40:56,66ce6047fb392de5096ac9f9
1112,26,temp,2025-06-17T23:40:56,66ce6047fb392de5096ac9f9
1113,54,humidity,2025-06-17T23:40:56,66ce6047fb392de5096ac9f9
1114,200,co2-concentration,2025-06-17T23:43:56,66ce6047fb392de5096ac9f9
1115,26,temp,2025-06-17T23:43:56,66ce6047fb392de5096ac9f9
1116,54,humidity,2025-06-17T23:43:56,66ce6047fb392de5096ac9f9
1117,200,co2-concentration,2025-06-17T23:46:56,66ce6047fb392de5096ac9f9
1118,26,temp,2025-06-17T23:46:56,66ce6047fb392de5096ac9f9
1119,54,humidity,2025-06-17T23:46:56,66ce6047fb392de5096ac9f9
1120,200,co2-concentration,2025-06-17T23:49:56,66ce6047fb392de5096ac9f9
1121,26,temp,2025-06-17T23:49:56,66ce6047fb392de5096ac9f9
1122,55,humidity,2025-06-17T23:49:56,66ce6047fb392de5096ac9f9
1123,200,co2-concentration,2025-06-17T23:52:57,66ce6047fb392de5096ac9f9
1124,26,temp,2025-06-17T23:52:57,66ce6047fb392de5096ac9f9
1125,55,humidity,2025-06-17T23:52:57,66ce6047fb392de5096ac9f9
1126,200,co2-concentration,2025-06-17T23:55:57,66ce6047fb392de5096ac9f9
1127,26,temp,2025-06-17T23:55:57,66ce6047fb392de5096ac9f9
1128,55,humidity,2025-06-17T23:55:57,66ce6047fb392de5096ac9f9
1129,200,co2-concentration,2025-06-17T23:58:57,66ce6047fb392de5096ac9f9
1130,26,temp,2025-06-17T23:58:57,66ce6047fb392de5096ac9f9
1131,56,humidity,2025-06-17T23:58:57,66ce6047fb392de5096ac9f9
1132,200,co2-concentration,2025-06-18T00:01:57,66ce6047fb392de5096ac9f9
1133,26,temp,2025-06-18T00:01:57,66ce6047fb392de5096ac9f9
1134,56,humidity,2025-06-18T00:01:57,66ce6047fb392de5096ac9f9
1135,200,co2-concentration,2025-06-18T00:04:58,66ce6047fb392de5096ac9f9
1136,26,temp,2025-06-18T00:04:58,66ce6047fb392de5096ac9f9
1137,56,humidity,2025-06-18T00:04:58,66ce6047fb392de5096ac9f9
1138,200,co2-concentration,2025-06-18T00:07:58,66ce6047fb392de5096ac9f9
1139,26,temp,2025-06-18T00:07:58,66ce6047fb392de5096ac9f9
1140,56,humidity,2025-06-18T00:07:58,66ce6047fb392de5096ac9f9
1141,200,co2-concentration,2025-06-18T00:10:58,66ce6047fb392de5096ac9f9
1142,26,temp,2025-06-18T00:10:58,66ce6047fb392de5096ac9f9
1143,57,humidity,2025-06-18T00:10:58,66ce6047fb392de5096ac9f9
1144,200,co2-concentration,2025-06-18T00:13:58,66ce6047fb392de5096ac9f9
1145,26,temp,2025-06-18T00:13:58,66ce6047fb392de5096ac9f9
1146,57,humidity,2025-06-18T00:13:58,66ce6047fb392de5096ac9f9
1147,200,co2-concentration,2025-06-18T00:16:58,66ce6047fb392de5096ac9f9
1148,26,temp,2025-06-18T00:16:58,66ce6047fb392de5096ac9f9
1149,57,humidity,2025-06-18T00:16:58,66ce6047fb392de5096ac9f9
1150,200,co2-concentration,2025-06-18T00:19:59,66ce6047fb392de5096ac9f9
1151,26,temp,2025-06-18T00:19:59,66ce6047fb392de5096ac9f9
1152,57,humidity,2025-06-18T00:19:59,66ce6047fb392de5096ac9f9
1153,200,co2-concentration,2025-06-18T00:22:59,66ce6047fb392de5096ac9f9
1154,26,temp,2025-06-18T00:22:59,66ce6047fb392de5096ac9f9
1155,57,humidity,2025-06-18T00:22:59,66ce6047fb392de5096ac9f9
1156,200,co2-concentration,2025-06-18T00:25:59,66ce6047fb392de5096ac9f9
1157,26,temp,2025-06-18T00:25:59,66ce6047fb392de5096ac9f9
1158,58,humidity,2025-06-18T00:25:59,66ce6047fb392de5096ac9f9
1159,200,co2-concentration,2025-06-18T00:28:59,66ce6047fb392de5096ac9f9
1160,26,temp,2025-06-18T00:28:59,66ce6047fb392de5096ac9f9
1161,57,humidity,2025-06-18T00:28:59,66ce6047fb392de5096ac9f9
1162,200,co2-concentration,2025-06-18T00:32:00,66ce6047fb392de5096ac9f9
1163,26,temp,2025-06-18T00:32:00,66ce6047fb392de5096ac9f9
1164,58,humidity,2025-06-18T00:32:00,66ce6047fb392de5096ac9f9
1165,200,co2-concentration,2025-06-18T00:35:00,66ce6047fb392de5096ac9f9
1166,26,temp,2025-06-18T00:35:00,66ce6047fb392de5096ac9f9
1167,58,humidity,2025-06-18T00:35:00,66ce6047fb392de5096ac9f9
1168,200,co2-concentration,2025-06-18T00:38:00,66ce6047fb392de5096ac9f9
1169,26,temp,2025-06-18T00:38:00,66ce6047fb392de5096ac9f9
1170,58,humidity,2025-06-18T00:38:00,66ce6047fb392de5096ac9f9
1171,200,co2-concentration,2025-06-18T00:41:00,66ce6047fb392de5096ac9f9
1172,26,temp,2025-06-18T00:41:00,66ce6047fb392de5096ac9f9
1173,58,humidity,2025-06-18T00:41:00,66ce6047fb392de5096ac9f9
1174,200,co2-concentration,2025-06-18T00:44:01,66ce6047fb392de5096ac9f9
1175,26,temp,2025-06-18T00:44:01,66ce6047fb392de5096ac9f9
1176,59,humidity,2025-06-18T00:44:01,66ce6047fb392de5096ac9f9
1177,200,co2-concentration,2025-06-18T00:47:01,66ce6047fb392de5096ac9f9
1178,26,temp,2025-06-18T00:47:01,66ce6047fb392de5096ac9f9
1179,58,humidity,2025-06-18T00:47:01,66ce6047fb392de5096ac9f9
1180,200,co2-concentration,2025-06-18T00:50:01,66ce6047fb392de5096ac9f9
1181,26,temp,2025-06-18T00:50:01,66ce6047fb392de5096ac9f9
1182,58,humidity,2025-06-18T00:50:01,66ce6047fb392de5096ac9f9
1183,200,co2-concentration,2025-06-18T00:53:01,66ce6047fb392de5096ac9f9
1184,26,temp,2025-06-18T00:53:01,66ce6047fb392de5096ac9f9
1185,59,humidity,2025-06-18T00:53:01,66ce6047fb392de5096ac9f9
1186,200,co2-concentration,2025-06-18T00:56:01,66ce6047fb392de5096ac9f9
1187,26,temp,2025-06-18T00:56:01,66ce6047fb392de5096ac9f9
1188,59,humidity,2025-06-18T00:56:01,66ce6047fb392de5096ac9f9
1189,200,co2-concentration,2025-06-18T00:59:02,66ce6047fb392de5096ac9f9
1190,26,temp,2025-06-18T00:59:02,66ce6047fb392de5096ac9f9
1191,58,humidity,2025-06-18T00:59:02,66ce6047fb392de5096ac9f9
1192,200,co2-concentration,2025-06-18T01:02:02,66ce6047fb392de5096ac9f9
1193,26,temp,2025-06-18T01:02:02,66ce6047fb392de5096ac9f9
1194,59,humidity,2025-06-18T01:02:02,66ce6047fb392de5096ac9f9
1195,200,co2-concentration,2025-06-18T01:05:02,66ce6047fb392de5096ac9f9
1196,26,temp,2025-06-18T01:05:02,66ce6047fb392de5096ac9f9
1197,59,humidity,2025-06-18T01:05:02,66ce6047fb392de5096ac9f9
1198,200,co2-concentration,2025-06-18T01:08:02,66ce6047fb392de5096ac9f9
1199,26,temp,2025-06-18T01:08:02,66ce6047fb392de5096ac9f9
1200,59,humidity,2025-06-18T01:08:02,66ce6047fb392de5096ac9f9
1201,200,co2-concentration,2025-06-18T01:11:03,66ce6047fb392de5096ac9f9
1202,26,temp,2025-06-18T01:11:03,66ce6047fb392de5096ac9f9
1203,59,humidity,2025-06-18T01:11:03,66ce6047fb392de5096ac9f9
1204,200,co2-concentration,2025-06-18T01:14:03,66ce6047fb392de5096ac9f9
1205,26,temp,2025-06-18T01:14:03,66ce6047fb392de5096ac9f9
1206,60,humidity,2025-06-18T01:14:03,66ce6047fb392de5096ac9f9
1207,200,co2-concentration,2025-06-18T01:17:03,66ce6047fb392de5096ac9f9
1208,26,temp,2025-06-18T01:17:03,66ce6047fb392de5096ac9f9
1209,59,humidity,2025-06-18T01:17:03,66ce6047fb392de5096ac9f9
1210,200,co2-concentration,2025-06-18T01:20:03,66ce6047fb392de5096ac9f9
1211,26,temp,2025-06-18T01:20:03,66ce6047fb392de5096ac9f9
1212,59,humidity,2025-06-18T01:20:03,66ce6047fb392de5096ac9f9
1213,200,co2-concentration,2025-06-18T01:23:04,66ce6047fb392de5096ac9f9
1214,26,temp,2025-06-18T01:23:04,66ce6047fb392de5096ac9f9
1215,60,humidity,2025-06-18T01:23:04,66ce6047fb392de5096ac9f9
1216,200,co2-concentration,2025-06-18T01:26:04,66ce6047fb392de5096ac9f9
1217,26,temp,2025-06-18T01:26:04,66ce6047fb392de5096ac9f9
1218,60,humidity,2025-06-18T01:26:04,66ce6047fb392de5096ac9f9
1219,200,co2-concentration,2025-06-18T01:29:04,66ce6047fb392de5096ac9f9
1220,26,temp,2025-06-18T01:29:04,66ce6047fb392de5096ac9f9
1221,60,humidity,2025-06-18T01:29:04,66ce6047fb392de5096ac9f9
1222,200,co2-concentration,2025-06-18T01:32:04,66ce6047fb392de5096ac9f9
1223,26,temp,2025-06-18T01:32:04,66ce6047fb392de5096ac9f9
1224,60,humidity,2025-06-18T01:32:04,66ce6047fb392de5096ac9f9
1225,200,co2-concentration,2025-06-18T01:35:05,66ce6047fb392de5096ac9f9
1226,26,temp,2025-06-18T01:35:05,66ce6047fb392de5096ac9f9
1227,60,humidity,2025-06-18T01:35:05,66ce6047fb392de5096ac9f9
1228,200,co2-concentration,2025-06-18T01:38:05,66ce6047fb392de5096ac9f9
1229,26,temp,2025-06-18T01:38:05,66ce6047fb392de5096ac9f9
1230,60,humidity,2025-06-18T01:38:05,66ce6047fb392de5096ac9f9
1231,200,co2-concentration,2025-06-18T01:41:05,66ce6047fb392de5096ac9f9
1232,26,temp,2025-06-18T01:41:05,66ce6047fb392de5096ac9f9
1233,60,humidity,2025-06-18T01:41:05,66ce6047fb392de5096ac9f9
1234,200,co2-concentration,2025-06-18T01:44:05,66ce6047fb392de5096ac9f9
1235,26,temp,2025-06-18T01:44:05,66ce6047fb392de5096ac9f9
1236,60,humidity,2025-06-18T01:44:05,66ce6047fb392de5096ac9f9
1237,200,co2-concentration,2025-06-18T01:47:06,66ce6047fb392de5096ac9f9
1238,26,temp,2025-06-18T01:47:06,66ce6047fb392de5096ac9f9
1239,60,humidity,2025-06-18T01:47:06,66ce6047fb392de5096ac9f9
1240,200,co2-concentration,2025-06-18T01:50:06,66ce6047fb392de5096ac9f9
1241,26,temp,2025-06-18T01:50:06,66ce6047fb392de5096ac9f9
1242,60,humidity,2025-06-18T01:50:06,66ce6047fb392de5096ac9f9
1243,200,co2-concentration,2025-06-18T01:53:06,66ce6047fb392de5096ac9f9
1244,26,temp,2025-06-18T01:53:06,66ce6047fb392de5096ac9f9
1245,60,humidity,2025-06-18T01:53:06,66ce6047fb392de5096ac9f9
1246,200,co2-concentration,2025-06-18T01:56:06,66ce6047fb392de5096ac9f9
1247,26,temp,2025-06-18T01:56:06,66ce6047fb392de5096ac9f9
1248,60,humidity,2025-06-18T01:56:06,66ce6047fb392de5096ac9f9
1249,200,co2-concentration,2025-06-18T01:59:07,66ce6047fb392de5096ac9f9
1250,26,temp,2025-06-18T01:59:07,66ce6047fb392de5096ac9f9
1251,60,humidity,2025-06-18T01:59:07,66ce6047fb392de5096ac9f9
1252,200,co2-concentration,2025-06-18T02:02:07,66ce6047fb392de5096ac9f9
1253,26,temp,2025-06-18T02:02:07,66ce6047fb392de5096ac9f9
1254,60,humidity,2025-06-18T02:02:07,66ce6047fb392de5096ac9f9
1255,200,co2-concentration,2025-06-18T02:05:07,66ce6047fb392de5096ac9f9
1256,26,temp,2025-06-18T02:05:07,66ce6047fb392de5096ac9f9
1257,60,humidity,2025-06-18T02:05:07,66ce6047fb392de5096ac9f9
1258,200,co2-concentration,2025-06-18T02:08:07,66ce6047fb392de5096ac9f9
1259,26,temp,2025-06-18T02:08:07,66ce6047fb392de5096ac9f9
1260,60,humidity,2025-06-18T02:08:07,66ce6047fb392de5096ac9f9
1261,200,co2-concentration,2025-06-18T02:11:08,66ce6047fb392de5096ac9f9
1262,26,temp,2025-06-18T02:11:08,66ce6047fb392de5096ac9f9
1263,60,humidity,2025-06-18T02:11:08,66ce6047fb392de5096ac9f9
1264,200,co2-concentration,2025-06-18T02:14:08,66ce6047fb392de5096ac9f9
1265,26,temp,2025-06-18T02:14:08,66ce6047fb392de5096ac9f9
1266,60,humidity,2025-06-18T02:14:08,66ce6047fb392de5096ac9f9
1267,200,co2-concentration,2025-06-18T02:17:08,66ce6047fb392de5096ac9f9
1268,26,temp,2025-06-18T02:17:08,66ce6047fb392de5096ac9f9
1269,60,humidity,2025-06-18T02:17:08,66ce6047fb392de5096ac9f9
1270,200,co2-concentration,2025-06-18T02:20:08,66ce6047fb392de5096ac9f9
1271,26,temp,2025-06-18T02:20:08,66ce6047fb392de5096ac9f9
1272,60,humidity,2025-06-18T02:20:08,66ce6047fb392de5096ac9f9
1273,200,co2-concentration,2025-06-18T02:23:08,66ce6047fb392de5096ac9f9
1274,26,temp,2025-06-18T02:23:08,66ce6047fb392de5096ac9f9
1275,60,humidity,2025-06-18T02:23:08,66ce6047fb392de5096ac9f9
1276,200,co2-concentration,2025-06-18T02:26:09,66ce6047fb392de5096ac9f9
1277,26,temp,2025-06-18T02:26:09,66ce6047fb392de5096ac9f9
1278,60,humidity,2025-06-18T02:26:09,66ce6047fb392de5096ac9f9
1279,200,co2-concentration,2025-06-18T02:29:09,66ce6047fb392de5096ac9f9
1280,26,temp,2025-06-18T02:29:09,66ce6047fb392de5096ac9f9
1281,60,humidity,2025-06-18T02:29:09,66ce6047fb392de5096ac9f9
1282,200,co2-concentration,2025-06-18T02:32:09,66ce6047fb392de5096ac9f9
1283,26,temp,2025-06-18T02:32:09,66ce6047fb392de5096ac9f9
1284,61,humidity,2025-06-18T02:32:09,66ce6047fb392de5096ac9f9
1285,200,co2-concentration,2025-06-18T02:35:09,66ce6047fb392de5096ac9f9
1286,26,temp,2025-06-18T02:35:09,66ce6047fb392de5096ac9f9
1287,61,humidity,2025-06-18T02:35:09,66ce6047fb392de5096ac9f9
1288,200,co2-concentration,2025-06-18T02:38:10,66ce6047fb392de5096ac9f9
1289,26,temp,2025-06-18T02:38:10,66ce6047fb392de5096ac9f9
1290,61,humidity,2025-06-18T02:38:10,66ce6047fb392de5096ac9f9
1291,200,co2-concentration,2025-06-18T02:41:10,66ce6047fb392de5096ac9f9
1292,26,temp,2025-06-18T02:41:10,66ce6047fb392de5096ac9f9
1293,61,humidity,2025-06-18T02:41:10,66ce6047fb392de5096ac9f9
1294,200,co2-concentration,2025-06-18T02:44:10,66ce6047fb392de5096ac9f9
1295,26,temp,2025-06-18T02:44:10,66ce6047fb392de5096ac9f9
1296,61,humidity,2025-06-18T02:44:10,66ce6047fb392de5096ac9f9
1297,200,co2-concentration,2025-06-18T02:47:10,66ce6047fb392de5096ac9f9
1298,26,temp,2025-06-18T02:47:10,66ce6047fb392de5096ac9f9
1299,61,humidity,2025-06-18T02:47:10,66ce6047fb392de5096ac9f9
1300,200,co2-concentration,2025-06-18T02:50:10,66ce6047fb392de5096ac9f9
1301,26,temp,2025-06-18T02:50:10,66ce6047fb392de5096ac9f9
1302,61,humidity,2025-06-18T02:50:10,66ce6047fb392de5096ac9f9
1303,200,co2-concentration,2025-06-18T02:53:11,66ce6047fb392de5096ac9f9
1304,26,temp,2025-06-18T02:53:11,66ce6047fb392de5096ac9f9
1305,61,humidity,2025-06-18T02:53:11,66ce6047fb392de5096ac9f9
1306,200,co2-concentration,2025-06-18T02:56:11,66ce6047fb392de5096ac9f9
1307,26,temp,2025-06-18T02:56:11,66ce6047fb392de5096ac9f9
1308,61,humidity,2025-06-18T02:56:11,66ce6047fb392de5096ac9f9
1309,200,co2-concentration,2025-06-18T02:59:11,66ce6047fb392de5096ac9f9
1310,26,temp,2025-06-18T02:59:11,66ce6047fb392de5096ac9f9
1311,61,humidity,2025-06-18T02:59:11,66ce6047fb392de5096ac9f9
1312,200,co2-concentration,2025-06-18T03:02:11,66ce6047fb392de5096ac9f9
1313,26,temp,2025-06-18T03:02:11,66ce6047fb392de5096ac9f9
1314,61,humidity,2025-06-18T03:02:11,66ce6047fb392de5096ac9f9
1315,200,co2-concentration,2025-06-18T03:05:12,66ce6047fb392de5096ac9f9
1316,26,temp,2025-06-18T03:05:12,66ce6047fb392de5096ac9f9
1317,61,humidity,2025-06-18T03:05:12,66ce6047fb392de5096ac9f9
1318,200,co2-concentration,2025-06-18T03:08:12,66ce6047fb392de5096ac9f9
1319,26,temp,2025-06-18T03:08:12,66ce6047fb392de5096ac9f9
1320,61,humidity,2025-06-18T03:08:12,66ce6047fb392de5096ac9f9
1321,200,co2-concentration,2025-06-18T03:11:12,66ce6047fb392de5096ac9f9
1322,26,temp,2025-06-18T03:11:12,66ce6047fb392de5096ac9f9
1323,61,humidity,2025-06-18T03:11:12,66ce6047fb392de5096ac9f9
1324,200,co2-concentration,2025-06-18T03:14:12,66ce6047fb392de5096ac9f9
1325,26,temp,2025-06-18T03:14:12,66ce6047fb392de5096ac9f9
1326,61,humidity,2025-06-18T03:14:12,66ce6047fb392de5096ac9f9
1327,200,co2-concentration,2025-06-18T03:17:13,66ce6047fb392de5096ac9f9
1328,26,temp,2025-06-18T03:17:13,66ce6047fb392de5096ac9f9
1329,61,humidity,2025-06-18T03:17:13,66ce6047fb392de5096ac9f9
1330,200,co2-concentration,2025-06-18T03:20:13,66ce6047fb392de5096ac9f9
1331,26,temp,2025-06-18T03:20:13,66ce6047fb392de5096ac9f9
1332,61,humidity,2025-06-18T03:20:13,66ce6047fb392de5096ac9f9
1333,200,co2-concentration,2025-06-18T03:23:13,66ce6047fb392de5096ac9f9
1334,26,temp,2025-06-18T03:23:13,66ce6047fb392de5096ac9f9
1335,61,humidity,2025-06-18T03:23:13,66ce6047fb392de5096ac9f9
1336,200,co2-concentration,2025-06-18T03:26:13,66ce6047fb392de5096ac9f9
1337,26,temp,2025-06-18T03:26:13,66ce6047fb392de5096ac9f9
1338,61,humidity,2025-06-18T03:26:13,66ce6047fb392de5096ac9f9
1339,200,co2-concentration,2025-06-18T03:29:13,66ce6047fb392de5096ac9f9
1340,26,temp,2025-06-18T03:29:13,66ce6047fb392de5096ac9f9
1341,61,humidity,2025-06-18T03:29:13,66ce6047fb392de5096ac9f9
1342,200,co2-concentration,2025-06-18T03:32:14,66ce6047fb392de5096ac9f9
1343,26,temp,2025-06-18T03:32:14,66ce6047fb392de5096ac9f9
1344,61,humidity,2025-06-18T03:32:14,66ce6047fb392de5096ac9f9
1345,200,co2-concentration,2025-06-18T03:35:14,66ce6047fb392de5096ac9f9
1346,26,temp,2025-06-18T03:35:14,66ce6047fb392de5096ac9f9
1347,61,humidity,2025-06-18T03:35:14,66ce6047fb392de5096ac9f9
1348,200,co2-concentration,2025-06-18T03:38:14,66ce6047fb392de5096ac9f9
1349,26,temp,2025-06-18T03:38:14,66ce6047fb392de5096ac9f9
1350,61,humidity,2025-06-18T03:38:14,66ce6047fb392de5096ac9f9
1351,200,co2-concentration,2025-06-18T03:41:14,66ce6047fb392de5096ac9f9
1352,26,temp,2025-06-18T03:41:14,66ce6047fb392de5096ac9f9
1353,62,humidity,2025-06-18T03:41:14,66ce6047fb392de5096ac9f9
1354,200,co2-concentration,2025-06-18T03:44:15,66ce6047fb392de5096ac9f9
1355,26,temp,2025-06-18T03:44:15,66ce6047fb392de5096ac9f9
1356,62,humidity,2025-06-18T03:44:15,66ce6047fb392de5096ac9f9
1357,200,co2-concentration,2025-06-18T03:47:15,66ce6047fb392de5096ac9f9
1358,26,temp,2025-06-18T03:47:15,66ce6047fb392de5096ac9f9
1359,62,humidity,2025-06-18T03:47:15,66ce6047fb392de5096ac9f9
1360,200,co2-concentration,2025-06-18T03:50:15,66ce6047fb392de5096ac9f9
1361,26,temp,2025-06-18T03:50:15,66ce6047fb392de5096ac9f9
1362,62,humidity,2025-06-18T03:50:15,66ce6047fb392de5096ac9f9
1363,200,co2-concentration,2025-06-18T03:53:15,66ce6047fb392de5096ac9f9
1364,26,temp,2025-06-18T03:53:15,66ce6047fb392de5096ac9f9
1365,62,humidity,2025-06-18T03:53:15,66ce6047fb392de5096ac9f9
1366,200,co2-concentration,2025-06-18T03:56:16,66ce6047fb392de5096ac9f9
1367,26,temp,2025-06-18T03:56:16,66ce6047fb392de5096ac9f9
1368,62,humidity,2025-06-18T03:56:16,66ce6047fb392de5096ac9f9
1369,200,co2-concentration,2025-06-18T03:59:16,66ce6047fb392de5096ac9f9
1370,26,temp,2025-06-18T03:59:16,66ce6047fb392de5096ac9f9
1371,62,humidity,2025-06-18T03:59:16,66ce6047fb392de5096ac9f9
1372,200,co2-concentration,2025-06-18T04:02:16,66ce6047fb392de5096ac9f9
1373,26,temp,2025-06-18T04:02:16,66ce6047fb392de5096ac9f9
1374,62,humidity,2025-06-18T04:02:16,66ce6047fb392de5096ac9f9
1375,200,co2-concentration,2025-06-18T04:05:16,66ce6047fb392de5096ac9f9
1376,26,temp,2025-06-18T04:05:16,66ce6047fb392de5096ac9f9
1377,62,humidity,2025-06-18T04:05:16,66ce6047fb392de5096ac9f9
1378,200,co2-concentration,2025-06-18T04:08:17,66ce6047fb392de5096ac9f9
1379,26,temp,2025-06-18T04:08:17,66ce6047fb392de5096ac9f9
1380,62,humidity,2025-06-18T04:08:17,66ce6047fb392de5096ac9f9
1381,200,co2-concentration,2025-06-18T04:11:17,66ce6047fb392de5096ac9f9
1382,26,temp,2025-06-18T04:11:17,66ce6047fb392de5096ac9f9
1383,62,humidity,2025-06-18T04:11:17,66ce6047fb392de5096ac9f9
1384,200,co2-concentration,2025-06-18T04:14:17,66ce6047fb392de5096ac9f9
1385,26,temp,2025-06-18T04:14:17,66ce6047fb392de5096ac9f9
1386,62,humidity,2025-06-18T04:14:17,66ce6047fb392de5096ac9f9
1387,200,co2-concentration,2025-06-18T04:17:17,66ce6047fb392de5096ac9f9
1388,26,temp,2025-06-18T04:17:17,66ce6047fb392de5096ac9f9
1389,62,humidity,2025-06-18T04:17:17,66ce6047fb392de5096ac9f9
1390,200,co2-concentration,2025-06-18T04:20:18,66ce6047fb392de5096ac9f9
1391,26,temp,2025-06-18T04:20:18,66ce6047fb392de5096ac9f9
1392,62,humidity,2025-06-18T04:20:18,66ce6047fb392de5096ac9f9
1393,200,co2-concentration,2025-06-18T04:23:18,66ce6047fb392de5096ac9f9
1394,26,temp,2025-06-18T04:23:18,66ce6047fb392de5096ac9f9
1395,62,humidity,2025-06-18T04:23:18,66ce6047fb392de5096ac9f9
1396,200,co2-concentration,2025-06-18T04:26:18,66ce6047fb392de5096ac9f9
1397,26,temp,2025-06-18T04:26:18,66ce6047fb392de5096ac9f9
1398,62,humidity,2025-06-18T04:26:18,66ce6047fb392de5096ac9f9
1399,200,co2-concentration,2025-06-18T04:29:18,66ce6047fb392de5096ac9f9
1400,26,temp,2025-06-18T04:29:18,66ce6047fb392de5096ac9f9
1401,62,humidity,2025-06-18T04:29:18,66ce6047fb392de5096ac9f9
1402,200,co2-concentration,2025-06-18T04:32:18,66ce6047fb392de5096ac9f9
1403,26,temp,2025-06-18T04:32:18,66ce6047fb392de5096ac9f9
1404,62,humidity,2025-06-18T04:32:18,66ce6047fb392de5096ac9f9
1405,200,co2-concentration,2025-06-18T04:35:19,66ce6047fb392de5096ac9f9
1406,26,temp,2025-06-18T04:35:19,66ce6047fb392de5096ac9f9
1407,62,humidity,2025-06-18T04:35:19,66ce6047fb392de5096ac9f9
1408,200,co2-concentration,2025-06-18T04:38:19,66ce6047fb392de5096ac9f9
1409,26,temp,2025-06-18T04:38:19,66ce6047fb392de5096ac9f9
1410,62,humidity,2025-06-18T04:38:19,66ce6047fb392de5096ac9f9
1411,200,co2-concentration,2025-06-18T04:41:19,66ce6047fb392de5096ac9f9
1412,26,temp,2025-06-18T04:41:19,66ce6047fb392de5096ac9f9
1413,62,humidity,2025-06-18T04:41:19,66ce6047fb392de5096ac9f9
1414,200,co2-concentration,2025-06-18T04:44:19,66ce6047fb392de5096ac9f9
1415,26,temp,2025-06-18T04:44:19,66ce6047fb392de5096ac9f9
1416,62,humidity,2025-06-18T04:44:19,66ce6047fb392de5096ac9f9
1417,200,co2-concentration,2025-06-18T04:47:19,66ce6047fb392de5096ac9f9
1418,26,temp,2025-06-18T04:47:19,66ce6047fb392de5096ac9f9
1419,62,humidity,2025-06-18T04:47:19,66ce6047fb392de5096ac9f9
1420,200,co2-concentration,2025-06-18T04:50:20,66ce6047fb392de5096ac9f9
1421,26,temp,2025-06-18T04:50:20,66ce6047fb392de5096ac9f9
1422,62,humidity,2025-06-18T04:50:20,66ce6047fb392de5096ac9f9
1423,200,co2-concentration,2025-06-18T04:53:20,66ce6047fb392de5096ac9f9
1424,26,temp,2025-06-18T04:53:20,66ce6047fb392de5096ac9f9
1425,62,humidity,2025-06-18T04:53:20,66ce6047fb392de5096ac9f9
1426,200,co2-concentration,2025-06-18T04:56:20,66ce6047fb392de5096ac9f9
1427,26,temp,2025-06-18T04:56:20,66ce6047fb392de5096ac9f9
1428,62,humidity,2025-06-18T04:56:20,66ce6047fb392de5096ac9f9
1429,200,co2-concentration,2025-06-18T04:59:20,66ce6047fb392de5096ac9f9
1430,26,temp,2025-06-18T04:59:20,66ce6047fb392de5096ac9f9
1431,63,humidity,2025-06-18T04:59:20,66ce6047fb392de5096ac9f9
